,Date,Year_x,Month_x,Water_Year,tot_assist_income,tot_assist_fixedDollar_$50,tot_assist_fixedDollar_$100,tot_assist_fee,tot_assist_vol_55%,tot_assist_vol_80%,Year_y,Month_y,Count
0,2020-10-01,2020,10,2021,199744.6986167463,204223.8637087465,322812.5251578736,52422.39,196648.6598954605,286034.4143933971,2020,10,4269
1,2020-11-01,2020,11,2021,160077.19009624852,173465.0154856328,263982.2479049461,45776.409999999996,155547.54582377005,226250.97574366553,2020,11,3728
2,2020-12-01,2020,12,2021,142777.42685286424,159260.78213296,237694.38290354898,42844.93,137959.97071699204,200669.04831562476,2020,12,3489
3,2021-01-01,2021,1,2021,145653.93176111524,161596.92674688253,241938.64990799112,43313.11,140642.3401456967,204570.6765755589,2021,1,3527
4,2021-02-01,2021,2,2021,150892.10165905952,165905.50378682703,249994.81679952587,44206.62999999999,146197.22034998276,212650.50232724767,2021,2,3600
5,2021-03-01,2021,3,2021,166996.76041817298,179487.59188191936,274844.00777127885,47099.86,162965.1938758285,237040.28200120508,2021,3,3836
6,2021-04-01,2021,4,2021,177744.0901478345,187285.61084351107,289609.6158284404,48750.22,173368.19003964233,252171.91278493433,2021,4,3970
7,2021-05-01,2021,5,2021,200165.76065273996,204749.08391807514,323686.2573347051,52557.03,197198.63362984033,286834.37618885865,2021,5,4280
8,2021-06-01,2021,6,2021,217229.74880003638,215725.74282301433,346033.5270248642,54919.350000000006,214024.28486085337,311308.0507066958,2021,6,4472
9,2021-07-01,2021,7,2021,233073.2879466599,226380.43364045426,367281.2323294953,57271.979999999996,229688.44629774633,334092.2855239946,2021,7,4663
10,2021-08-01,2021,8,2021,225352.85635733305,221828.32887616428,358013.98700781935,56310.97000000001,222762.4757777832,324018.14658586646,2021,8,4585
11,2021-09-01,2021,9,2021,242871.27611111262,232109.9359672157,379255.87175150705,58521.990000000005,238769.72376736195,347301.4163888902,2021,9,4765
12,2021-10-01,2021,10,2022,200256.15278573352,204810.5696959239,323835.5761947979,52569.27,197341.87714673678,287042.7303952535,2021,10,4281
13,2021-11-01,2021,11,2022,162647.5768336936,175569.074131948,267709.39504546137,46255.3,158196.0237689482,230103.30730028823,2021,11,3767
14,2021-12-01,2021,12,2022,151480.15758697357,166421.859757827,251029.54805326916,44304.55,147039.70719366882,213875.93773624554,2021,12,3608
15,2022-01-01,2022,1,2022,153510.99003317876,168095.7811176019,254061.86544818158,44662.57,149125.622841165,216909.99685987635,2022,1,3637
16,2022-02-01,2022,2,2022,150505.1307068764,165331.746318441,248894.78998758903,44084.229999999996,145473.06622211536,211597.1872321678,2022,2,3590
17,2022-03-01,2022,3,2022,173504.14725545608,183728.39892475045,282916.3022644409,47984.200000000004,168698.97421966752,245380.32613769826,2022,3,3908
18,2022-04-01,2022,4,2022,177005.39524874074,186776.04017797136,288511.2877236492,48652.3,172505.87259514074,250917.63286565925,2022,4,3962
19,2022-05-01,2022,5,2022,189493.60248232054,196258.47371655027,307133.1808037922,50691.79,185308.040719443,269538.9683191898,2022,5,4128
20,2022-06-01,2022,6,2022,213455.72410988534,213735.50801010168,341813.21577714884,54497.07,210691.26142710363,306460.01662124164,2022,6,4438
21,2022-07-01,2022,7,2022,208155.9463503229,210106.81532778876,334576.91214255587,53710.65,205255.5659093443,298553.55041359167,2022,7,4374
22,2022-08-01,2022,8,2022,226185.79896386643,222113.3031068963,358685.44048277976,56359.93000000001,223325.43475304326,324836.9960044265,2022,8,4589
23,2022-09-01,2022,9,2022,216266.33707784122,215027.4622618721,344702.60498755885,54757.17,213033.61486156273,309867.076162273,2022,9,4459
24,2022-10-01,2022,10,2023,176569.51830589154,186273.0481612677,287663.0566518842,48542.14,172003.03551615705,250186.23347804658,2022,10,3953
25,2022-11-01,2022,11,2023,157457.1467230608,171318.15333719002,260109.03489164758,45335.770000000004,153059.8320935168,222632.4830451153,2022,11,3692
26,2022-12-01,2022,12,2023,138621.42259143913,155442.43126078663,230609.15238850628,42069.05,132752.2394044582,193094.16640648467,2022,12,3426
27,2023-01-01,2023,1,2023,142938.12452829446,159394.21281431342,237932.12478018226,42869.41,138109.36845931198,200886.35412263556,2023,1,3491
28,2023-02-01,2023,2,2023,162263.74181234304,175390.9421072823,267366.74499746866,46217.05,157945.79747595533,229739.34178320778,2023,2,3764
29,2023-03-01,2023,3,2023,173049.81739257555,183602.2568352811,282591.76579714206,47959.72,168433.91210758325,244994.7812473938,2023,3,3906
30,2023-04-01,2023,4,2023,169686.1898992195,181469.30019622773,278568.2215795713,47517.549999999996,165520.8811112374,240757.64525270896,2023,4,3870
31,2023-05-01,2023,5,2023,185483.12230833794,193400.0593794131,301351.89143823,50075.2,181241.4297695859,263623.89784667036,2023,5,4078
32,2023-06-01,2023,6,2023,208802.3519856924,210283.19495897257,335123.723570122,53735.13,205706.47802963085,299209.4225885539,2023,6,4376
33,2023-07-01,2023,7,2023,215082.1552086972,214365.44507658388,343262.2922782374,54619.47,211847.89988561682,308142.3998336245,2023,7,4448
34,2023-08-01,2023,8,2023,214223.19931677257,214093.8977123818,342597.68928236,54570.509999999995,211287.8211033916,307327.73978675145,2023,8,4444
35,2023-09-01,2023,9,2023,204460.67092838624,207697.09997216705,329589.4752472155,53193.509999999995,201631.31340644576,293281.9104093757,2023,9,4332
36,2023-10-01,2023,10,2024,191119.3608866098,197700.1197134157,309795.7103832984,50997.79,187085.19560221874,272123.9208759545,2023,10,4153
37,2023-11-01,2023,11,2024,166018.96620752866,178694.82122117182,273298.17125070875,46928.5,161948.7464141408,235561.81296602293,2023,11,3822
38,2023-12-01,2023,12,2024,162675.95742708337,175574.16623875368,267726.6543442677,46255.3,158211.63309531254,230126.01177500005,2023,12,3767
39,2024-01-01,2024,1,2024,147594.69010193844,163363.94314215067,245175.40913407126,43704.79000000001,142892.2315664828,207843.2459148841,2024,1,3559
40,2024-02-01,2024,2,2024,163490.22291933215,176133.20335447317,268747.1870252789,46365.46000000001,158888.20887646606,231110.1220021324,2024,2,3776
41,2024-03-01,2024,3,2024,165726.74764851405,178521.74025264426,272949.32864361256,46891.78,161690.77600876612,235186.58328547794,2024,3,3819
42,2024-04-01,2024,4,2024,167716.37452888495,180309.68994734914,276252.7674715452,47283.46,163904.52429297008,238406.58078977466,2024,4,3851
43,2024-05-01,2024,5,2024,192018.8350414009,198569.31787449174,311493.3898411296,51193.630000000005,188526.35188735384,274220.1481997874,2024,5,4169
44,2024-06-01,2024,6,2024,203880.8517607291,207525.17442617146,329075.366354555,53169.03,201208.43009340102,292666.8074085833,2024,6,4330
45,2024-07-01,2024,7,2024,214347.5886451283,214108.2517939118,342663.7549473691,54570.509999999995,211356.23523398727,307427.25124943606,2024,7,4444
46,2024-08-01,2024,8,2024,219540.3963836052,217917.2544150387,350253.3331074099,55421.19,216984.20970889955,315613.39594021754,2024,8,4513
47,2024-09-01,2024,9,2024,211008.55315781746,212345.3881330156,338984.46315943194,54215.549999999996,208580.63533054962,303390.015026254,2024,9,4415
48,2024-10-01,2024,10,2025,201422.94884753006,205820.22378813985,325635.0435903479,52801.829999999994,198517.41484530823,288752.6034113574,2024,10,4300
49,2024-11-01,2024,11,2025,175569.65019413506,185331.77412466152,285868.48331993807,48328.619999999995,170797.11629427434,248432.16915530807,2024,11,3936
50,2024-12-01,2024,12,2025,163160.3977305936,175980.45744475984,268453.3695972853,46340.98,158668.70766849315,230790.84751780823,2024,12,3774
51,2025-01-01,2025,1,2025,161042.8720452613,174250.59478598592,265241.65455645527,45960.01,156347.21355197707,227414.12880287573,2025,1,3743
52,2025-02-01,2025,2,2025,164300.2527242788,176891.01240348682,270141.6711747579,46524.58,159796.20182127002,232430.8390127564,2025,2,3789
53,2025-03-01,2025,3,2025,179647.39131131532,188907.79330808358,292394.57250284473,49117.420000000006,175146.88265872345,254759.1020490523,2025,3,4000
54,2025-04-01,2025,4,2025,172645.00402853382,183204.01081818528,281910.35638278874,47861.8,168001.58367402694,244365.93988949375,2025,4,3898
55,2025-05-01,2025,5,2025,209112.40332998638,210694.75064518186,335796.86777388887,53845.29,206168.7568627425,299881.8281639891,2025,5,4385
56,2025-06-01,2025,6,2025,214222.4237788829,214093.80823619626,342597.2773051,54570.509999999995,211287.3945575523,307327.1193564397,2025,6,4444
57,2025-07-01,2025,7,2025,226872.90791674427,222966.4391478955,360085.65838044917,56560.53,224257.5888437927,326192.8565000621,2025,7,4605
58,2025-08-01,2025,8,2025,228206.36954281502,223504.65508638733,361414.4698492978,56658.45,225424.11132146497,327889.6164675854,2025,8,4613
59,2025-09-01,2025,9,2025,221946.66239785065,219542.819477805,353557.8570325972,55791.45,219530.55832923454,319317.1757516139,2025,9,4543
60,2025-10-01,2025,10,2026,200227.16774769084,204756.8866455541,323719.7755446547,52557.03,197232.4075320633,286883.5018648193,2025,10,4280
61,2025-11-01,2025,11,2026,165512.3589570772,178112.03837982164,272255.6848576481,46793.86,161271.5144784758,234576.74833232843,2025,11,3811
62,2025-12-01,2025,12,2026,154745.39275724627,168762.23628554115,255339.6147668017,44784.97,150017.94777690215,218207.9240391304,2025,12,3647
63,2026-01-01,2026,1,2026,151682.46171884035,166461.89685311547,251155.23811632843,44304.55,147150.97446619556,214037.78104173898,2026,1,3608
64,2026-02-01,2026,2,2026,165841.60523896763,178541.44714095668,273018.4954003671,46891.78,161753.94768351555,235278.46935784078,2026,2,3819
65,2026-03-01,2026,3,2026,173898.86593121992,184038.22477262194,283434.11245986866,48057.64,169030.36155383766,245862.34407830928,2026,3,3914
66,2026-04-01,2026,4,2026,162859.85340872747,175607.0165444968,267838.39827371866,46255.3,158312.7758852168,230273.12856031535,2026,4,3767
67,2026-05-01,2026,5,2026,190509.5980500902,197235.79506877039,308951.9989017142,50899.869999999995,186482.853292133,271247.7866067389,2026,5,4145
68,2026-06-01,2026,6,2026,202987.23471872846,206963.13134325834,327839.19494859333,53058.869999999995,200069.98179321736,291010.88260831614,2026,6,4321
69,2026-07-01,2026,7,2026,213345.45093344274,213622.7946378631,341598.1144543085,54472.590000000004,210558.13882589352,306266.38374675426,2026,7,4436
70,2026-08-01,2026,8,2026,231928.61703229795,225629.4223190682,365732.30326423096,57100.62,228563.02914901392,332455.3151258384,2026,8,4649
71,2026-09-01,2026,9,2026,223251.65789343836,220750.12604891392,355737.30999171396,56076.03,221022.7632580578,321487.655648084,2026,9,4566
72,2026-10-01,2026,10,2027,180895.35924366288,190032.0667414305,294505.08229804423,49374.46,176562.7143235979,256818.49356159702,2026,10,4021
73,2026-11-01,2026,11,2027,169198.84061744277,181265.24380839706,278124.4426179975,47480.83,165189.96380834354,240276.31099395422,2026,11,3867
74,2026-12-01,2026,12,2027,158120.31872134036,171800.89560017365,261016.11400751444,45433.69,153668.63277590388,223518.01131040562,2026,12,3700
75,2027-01-01,2027,1,2027,143377.09855881304,159977.73438632587,238810.6446553879,43004.049999999996,138606.17295734718,201608.97884705046,2027,1,3502
76,2027-02-01,2027,2,2027,163919.87569214523,176503.9483882172,269458.44373959536,46438.90000000001,159384.90371401323,231832.58722038288,2027,2,3782
77,2027-03-01,2027,3,2027,154826.1073771366,168777.7619394415,255389.6791066525,44784.97,150062.34081784182,218272.4957350426,2027,3,3647
78,2027-04-01,2027,4,2027,173566.77424914902,183738.6124754246,282953.8047938617,47984.200000000004,168733.41906619864,245430.42773265255,2027,4,3908
79,2027-05-01,2027,5,2027,191023.88325710877,197636.9660975631,309642.1021344909,50985.549999999996,186939.15506224317,271911.49827235367,2027,5,4152
80,2027-06-01,2027,6,2027,203616.89931734605,207342.19333552834,328674.31551362976,53132.31,200851.42271829036,292147.52395387687,2027,6,4327
81,2027-07-01,2027,7,2027,221772.76131759712,219451.00491818305,353394.21117871697,55766.97,219408.27371426177,319139.30722074443,2027,7,4541
82,2027-08-01,2027,8,2027,231200.62033469166,225463.9985679143,365263.9439882054,57076.14000000001,228124.53361116382,331817.50343442004,2027,8,4647
83,2027-09-01,2027,9,2027,215991.5807560564,214912.9488831584,344473.57059884584,54732.69,212850.1306970811,309600.1901048452,2027,9,4457
84,2027-10-01,2027,10,2028,201697.79961755688,205927.7166889793,325857.9645773545,52826.310000000005,198695.2217896563,289011.23169404553,2027,10,4302
85,2027-11-01,2027,11,2028,154534.9382190025,168621.64016937366,255094.31517210117,44760.48999999999,149852.64209336808,217967.47940853538,2027,11,3645
86,2027-12-01,2027,12,2028,152524.6133432578,167236.82484019856,252593.9218383556,44466.729999999996,148221.0451617085,215594.2475079396,2027,12,3621
87,2028-01-01,2028,1,2028,152158.9303958131,166592.43499508832,251487.7460811093,44316.78999999999,147426.35174894723,214438.3298166505,2028,1,3609
88,2028-02-01,2028,2,2028,162623.39944170005,175491.82241025625,267621.78155860526,46230.81999999999,158156.0871825184,230045.21772002673,2028,2,3765
89,2028-03-01,2028,3,2028,163277.41872933257,176095.14208445192,268618.18621495605,46365.46000000001,158771.16657196626,230939.87865013274,2028,3,3776
90,2028-04-01,2028,4,2028,177127.3820871789,186895.21985238767,288750.6899987023,48676.78,172651.1668771151,251128.9700030765,2028,4,3964
91,2028-05-01,2028,5,2028,188451.53297842818,195489.7384216128,305605.15621804656,50520.43,184267.7001798022,268025.7457160759,2028,5,4114
92,2028-06-01,2028,6,2028,193408.22424776986,199373.79719073515,313313.72460922296,51352.75,189936.32583627343,276271.0193982159,2028,6,4182
93,2028-07-01,2028,7,2028,216770.50360822474,215257.4450394815,345242.4704750067,54809.189999999995,213522.91816160697,310578.79005324654,2028,7,4463
94,2028-08-01,2028,8,2028,228599.79915184202,223545.01931905205,361617.67997290863,56658.45,225640.4976064298,328204.360154807,2028,8,4613
95,2028-09-01,2028,9,2028,204934.9760286017,207855.59712114837,329962.2826189373,53217.99,201941.7368990643,293733.435489548,2028,9,4334
96,2028-10-01,2028,10,2029,204486.64856529626,207700.3107279314,329603.6030748689,53193.509999999995,201645.6011067463,293302.6925189037,2028,10,4332
97,2028-11-01,2028,11,2029,162012.19621248322,175293.8246446974,267162.2801491858,46192.57,157792.26670853246,229516.02430331992,2028,11,3762
98,2028-12-01,2028,12,2029,154745.39275724627,168762.23628554115,255339.6147668017,44784.97,150017.94777690215,218207.9240391304,2028,12,3647
99,2029-01-01,2029,1,2029,154849.90938510926,168782.34382928908,255404.43388405826,44784.97,150075.43192222677,218291.53734142077,2029,1,3647
100,2029-02-01,2029,2,2029,163876.84574590492,176496.24365527096,269432.4325789874,46438.90000000001,159361.23724358107,231798.16326339063,2029,2,3782
101,2029-03-01,2029,3,2029,173894.54097241568,184037.523546218,283431.52126407647,48057.64,169027.9828264953,245858.88411126594,2029,3,3914
102,2029-04-01,2029,4,2029,169176.27756629256,181261.48325658377,278110.87960009207,47480.83,165177.55413021092,240258.26055303405,2029,4,3867
103,2029-05-01,2029,5,2029,180005.4902440185,189012.45137888906,292706.22312620934,49129.66,175400.12533212686,255127.45502854814,2029,5,4001
104,2029-06-01,2029,6,2029,208529.35552729992,210251.0859287058,334976.6042571043,53735.13,205556.32997751498,298991.02542183996,2029,6,4376
105,2029-07-01,2029,7,2029,227405.23876613655,223122.00138802634,360539.69475517224,56585.01,224680.1348317918,326807.46884624264,2029,7,4607
106,2029-08-01,2029,8,2029,232433.30691477872,225828.56017756875,366248.15670013457,57137.340000000004,228977.96294896165,333058.8551984896,2029,8,4652
107,2029-09-01,2029,9,2029,241114.24417379493,231289.95700517425,377362.15006224206,58350.63,237204.3830560039,345024.55717236927,2029,9,4751
108,2029-10-01,2029,10,2030,182399.09470936214,190953.3234352722,296498.8564391681,49558.06,177976.2802359825,258874.58943415637,2029,10,4036
109,2029-11-01,2029,11,2030,164048.35552069772,176699.71515944286,269765.2829999295,46487.86,159554.67899471708,232079.53308322484,2029,11,3786
110,2029-12-01,2029,12,2030,143610.45617660292,160198.88083547167,239232.41247074667,43053.009999999995,138873.73518879828,201998.1602746157,2029,12,3506
111,2030-01-01,2030,1,2030,145646.69671031216,161595.43576600647,241934.04286447968,43313.11,140638.36086775505,204564.8885349164,2030,1,3527
112,2030-02-01,2030,2,2030,147370.8068771471,163317.90750054928,245033.47956153777,43704.79000000001,142769.09579284757,207664.139335051,2030,2,3559
113,2030-03-01,2030,3,2030,159663.40077800897,173303.40117028274,263594.8403330591,45751.93,155258.94767790497,225831.1966224072,2030,3,3726
114,2030-04-01,2030,4,2030,166273.9653896081,178738.5495175168,273451.4169059671,46928.5,162088.99596428446,235765.8123116865,2030,4,3822
115,2030-05-01,2030,5,2030,189097.9577087125,195878.86990555568,306482.3767927423,50593.87,184909.40084395857,268959.12850030337,2030,5,4120
116,2030-06-01,2030,6,2030,198469.5140278087,203038.7387021918,320746.71965707897,52150.05,195329.39964237812,284115.49038891366,2030,6,4247
117,2030-07-01,2030,7,2030,205275.11737970504,208097.3568019425,330522.5703905348,53266.95,202308.13435050446,294266.37723709736,2030,7,4338
118,2030-08-01,2030,8,2030,203960.20837511646,207535.09209208502,329118.5784838583,53169.03,201252.0762313141,292730.2927000932,2030,8,4330
119,2030-09-01,2030,9,2030,206514.70856526846,208891.0505998019,332180.7413641628,53441.369999999995,203604.38714839768,296151.83585221483,2030,9,4352
120,2030-10-01,2030,10,2031,187920.09451044054,194872.05851296775,304396.85822739545,50385.79,183482.27982449232,266883.3161083525,2030,10,4103
121,2030-11-01,2030,11,2031,154205.0349181735,168505.8367726087,254837.26249787817,44736.009999999995,149656.01459041212,217681.47576787215,2030,11,3643
122,2030-12-01,2030,12,2031,146280.22636986902,162142.73957981286,242948.29372894802,43423.26999999999,141467.6152742613,205771.07676256192,2030,12,3536
123,2031-01-01,2031,1,2031,156507.65516480652,170458.53233547797,258582.74739076415,45152.17,152120.11074689362,221265.61563184526,2031,1,3677
124,2031-02-01,2031,2,2031,151349.0285693423,166295.9400753553,250791.7554979818,44280.07,146895.11387980497,213665.62018880722,2031,2,3606
125,2031-03-01,2031,3,2031,156633.9115853791,170482.1321010639,258660.4028938839,45152.17,152189.55177820852,221366.62076830334,2031,3,3677
126,2031-04-01,2031,4,2031,157627.5876763195,171399.8916193844,260291.7145948091,45348.009999999995,153189.81079489243,222821.54297438898,2031,4,3693
127,2031-05-01,2031,5,2031,170870.8545714847,182231.03148003455,279873.96640644816,47688.91,166404.7531601499,242043.27732385445,2031,5,3884
128,2031-06-01,2031,6,2031,186521.96111476544,193883.98471228208,302350.5665845652,50162.409999999996,182008.31118603767,264739.3617251457,2031,6,4085
129,2031-07-01,2031,7,2031,210034.4931424734,211737.31376676378,337803.79928585974,54093.15,207742.69680127705,302171.1953473121,2031,7,4405
130,2031-08-01,2031,8,2031,205482.89753092252,208416.43950298306,331084.7835724816,53341.92,202773.62441284076,294943.4536914047,2031,8,4344
131,2031-09-01,2031,9,2031,212604.2276961173,213246.7990708258,340836.6557318326,54399.15,209944.50731619785,305373.8288235605,2031,9,4430
132,2031-10-01,2031,10,2032,196773.00615081788,201908.13445308246,318656.6726908887,51903.55,193873.05260169986,281997.1674206543,2031,10,4227
133,2031-11-01,2031,11,2032,161889.96725820238,175271.91612795606,267088.3246805291,46192.57,157725.04078367798,229418.24113989525,2031,11,3762
134,2031-12-01,2031,12,2032,145686.14610159345,161603.5653962708,241959.16294546882,43313.11,140660.05803295976,204596.44804794146,2031,12,3527
135,2032-01-01,2032,1,2032,127313.46609593036,146643.54808008848,214780.89278121642,40275.72,122320.05972776172,177920.0868767443,2032,1,3280
136,2032-02-01,2032,2,2032,139522.768812136,156085.56682430446,231899.28098206437,42180.909999999996,133813.79541959148,194638.24788304215,2032,2,3435
137,2032-03-01,2032,3,2032,154972.30124496153,169031.94807102386,255860.55555717798,44846.170000000006,150318.19916389554,218644.6533293026,2032,3,3652
138,2032-04-01,2032,4,2032,178667.7261419762,188267.5212751342,291204.97562197235,48982.78,174346.96886767028,253595.59108024766,2032,4,3989
139,2032-05-01,2032,5,2032,184256.5265626877,192631.57510796783,299734.22337490343,49928.32000000001,180131.96798447828,262010.1352501502,2032,5,4066
140,2032-06-01,2032,6,2032,202654.6218612208,206604.5790470078,327278.0129631589,52973.19,199725.05814867147,290509.17548897665,2032,6,4314
141,2032-07-01,2032,7,2032,203326.6918341146,207005.7914390957,328024.4791086732,53058.869999999995,200256.68320667974,291282.448300625,2032,7,4321
142,2032-08-01,2032,8,2032,206597.9507869696,208951.16243620808,332326.00780071045,53453.61,203706.45863074996,296300.30346290907,2032,8,4353
143,2032-09-01,2032,9,2032,214988.72390872857,214354.76937955534,343212.62668785756,54619.47,211796.51267063408,308067.65479364956,2032,9,4448
144,2032-10-01,2032,10,2033,190970.72856540396,197629.63815921836,309612.2086101917,50985.549999999996,186909.91998180555,271868.9745189899,2032,10,4152
145,2032-11-01,2032,11,2033,172883.6565342992,183329.3386015072,282190.01862971595,47886.28,168216.77323969788,244678.94289410603,2032,11,3900
146,2032-12-01,2032,12,2033,145686.14610159345,161603.5653962708,241959.16294546882,43313.11,140660.05803295976,204596.44804794146,2032,12,3527
147,2033-01-01,2033,1,2033,146879.2783470053,162599.34525869688,243766.33231110853,43545.67,141970.39313251962,206502.39001093758,2033,1,3546
148,2033-02-01,2033,2,2033,156223.4297445537,170232.51262376847,258134.47232689735,45103.21,151824.57122408788,220835.73996230966,2033,2,3673
149,2033-03-01,2033,3,2033,164084.02904568214,176706.0228488178,269786.86086432805,46487.86,159574.29943345854,232108.0719032124,2033,3,3786
150,2033-04-01,2033,4,2033,175938.18635132143,185872.88983407366,286805.87460844434,48467.170000000006,171416.3107119768,249332.81558105716,2033,4,3947
151,2033-05-01,2033,5,2033,199564.26080724475,204060.4032657591,322573.2137279886,52385.67,196492.27306898465,285806.9426457959,2033,5,4266
152,2033-06-01,2033,6,2033,207541.0191945854,209539.73553724177,333597.6952131381,53588.25,204629.47336952202,297642.87035566836,2033,6,4364
153,2033-07-01,2033,7,2033,215207.82987046268,214579.7987008013,343685.34722396865,54668.43,212102.06982458784,308512.1015630368,2033,7,4452
154,2033-08-01,2033,8,2033,226680.05866193117,222652.51271419146,359535.6937679502,56484.03,223855.57935781218,325608.11542954494,2033,8,4599
155,2033-09-01,2033,9,2033,222087.8152347912,219658.14499813426,353829.38799199817,55815.93,219703.58141038517,319568.845687833,2033,9,4545
156,2033-10-01,2033,10,2034,209016.4389235365,210533.40972956066,335552.4547543747,53808.57000000001,206030.18457461178,299680.26847216254,2033,10,4382
157,2033-11-01,2033,11,2034,165143.03083234734,177921.922017518,271806.6325424919,46757.14,160873.73797862438,233998.16433254455,2033,11,3808
158,2033-12-01,2033,12,2034,146803.4459320691,162533.6059151689,243660.88400584477,43533.42999999999,141903.90746055468,206405.6835789886,2033,12,3545
159,2034-01-01,2034,1,2034,153006.15795135894,167681.26638480212,253336.01955220953,44576.89,148668.79112324744,216245.5143610872,2034,1,3630
160,2034-02-01,2034,2,2034,169279.73432888603,181351.62810016863,278245.9340801886,47505.31,165261.09437047067,240379.77362977556,2034,2,3869
161,2034-03-01,2034,3,2034,177649.5326522814,187270.821421291,289553.368838119,48750.22,173316.18341708812,252096.2667884918,2034,3,3970
162,2034-04-01,2034,4,2034,181464.31107992437,190217.51745104883,295015.6705942918,49398.94,176959.56852104177,257395.73603060623,2034,4,4023
163,2034-05-01,2034,5,2034,193412.80657945256,199374.41201552656,313316.2792985768,51352.75,189938.84611869894,276274.68526356213,2034,5,4182
164,2034-06-01,2034,6,2034,210296.14633284824,211918.27343333745,338179.0363654729,54129.87,207995.3145872332,302538.639399612,2034,6,4408
165,2034-07-01,2034,7,2034,237047.05291229827,228565.77169411944,371863.21917660354,57749.340000000004,233178.37376843076,339168.54366317193,2034,7,4702
166,2034-08-01,2034,8,2034,226332.90051713385,222322.50653177948,358990.9262949779,56408.89,223505.45198234034,325098.83924704045,2034,8,4593
167,2034-09-01,2034,9,2034,216221.6410207915,214975.51519069614,344632.0537088262,54744.92999999999,212989.98335310203,309803.61214996653,2034,9,4458
168,2034-10-01,2034,10,2035,205097.5684268515,207875.59802920697,330050.8189124794,53217.99,202031.1627181017,293863.5094081479,2034,10,4334
169,2034-11-01,2034,11,2035,161913.61179743015,175276.1553736783,267102.63746802666,46192.57,157738.04528025325,229437.15677127748,2034,11,3762
170,2034-12-01,2034,12,2035,162675.95742708337,175574.16623875368,267726.6543442677,46255.3,158211.63309531254,230126.01177500005,2034,12,3767
171,2035-01-01,2035,1,2035,157032.14722079143,170815.95451559877,259207.24808535818,45225.61,152534.33177351864,221868.11894329987,2035,1,3683
172,2035-02-01,2035,2,2035,164123.1098904409,176712.9289693999,269810.5058576794,46487.86,159595.79389807585,232139.33657901938,2035,2,3786
173,2035-03-01,2035,3,2035,161474.56506643404,174903.46764682553,266342.6564444551,46119.130000000005,156958.31918237207,228303.00971981394,2035,3,3756
174,2035-04-01,2035,4,2035,176897.95538080015,186471.61375569095,288061.83285482106,48578.86000000001,172275.19693860676,250582.10463797348,2035,4,3956
175,2035-05-01,2035,5,2035,190845.10030496086,197418.57099763106,309333.22767065983,50936.59000000001,186753.17139689514,271640.97657730203,2035,5,4148
176,2035-06-01,2035,6,2035,215251.50748920528,214584.78402709213,343708.57145636214,54668.43,212126.09251489624,308547.0436580309,2035,6,4452
177,2035-07-01,2035,7,2035,232331.55357211072,225818.6732894677,366196.07879489905,57137.340000000004,228921.99861049425,332977.45252435526,2035,7,4652
178,2035-08-01,2035,8,2035,232433.30691477872,225828.56017756875,366248.15670013457,57137.340000000004,228977.96294896165,333058.8551984896,2035,8,4652
179,2035-09-01,2035,9,2035,217378.73657835866,215992.44278298877,346524.8792891118,54980.55,214321.7840243473,311740.77676268696,2035,9,4477
180,2035-10-01,2035,10,2036,199570.0350463992,204061.1318808957,322576.37096739997,52385.67,196495.4489005196,285811.5620371194,2035,10,4266
181,2035-11-01,2035,11,2036,172600.49491923593,183196.7673019084,281883.63991148554,47861.8,167977.10366391312,244330.33260205545,2035,11,3898
182,2035-12-01,2035,12,2036,153057.72256667027,167691.2802295122,253368.11718573672,44576.89,148697.15166166867,216286.76605333624,2035,12,3630
183,2036-01-01,2036,1,2036,157123.99960291863,171083.09333539818,259633.47235356193,45286.810000000005,152754.57313577193,222188.47001566825,2036,1,3688
184,2036-02-01,2036,2,2036,149127.99756266113,164357.69789817027,247046.60800828348,43888.39,144175.9683261303,209710.49938346227,2036,2,3574
185,2036-03-01,2036,3,2036,159022.23537791194,172742.696471258,262646.87495964766,45641.77,154660.38944743492,224960.56646899623,2036,3,3717
186,2036-04-01,2036,4,2036,180688.09160163876,189850.64310662745,294169.7874025903,49337.740000000005,176351.466922568,256511.22461464442,2036,4,4018
187,2036-05-01,2036,5,2036,192018.8350414009,198569.31787449174,311493.3898411296,51193.630000000005,188526.35188735384,274220.1481997874,2036,5,4169
188,2036-06-01,2036,6,2036,199382.97943862132,203911.49119462256,322270.99162522005,52348.950000000004,196301.04728499174,285528.7960508971,2036,6,4263
189,2036-07-01,2036,7,2036,234285.30087715705,227138.27467699657,368776.7206869576,57443.34,230742.04738868645,335624.7962017257,2036,7,4677
190,2036-08-01,2036,8,2036,232042.8615531359,225640.5802563558,365790.90617807565,57100.62,228625.8636354748,332546.71074250876,2036,8,4649
191,2036-09-01,2036,9,2036,233677.10308404555,226835.13347062134,368148.0013096708,57382.14,230266.4618837251,334933.0354672365,2036,9,4672
192,2036-10-01,2036,10,2037,187920.09451044054,194872.05851296775,304396.85822739545,50385.79,183482.27982449232,266883.3161083525,2036,10,4103
193,2036-11-01,2036,11,2037,154205.0349181735,168505.8367726087,254837.26249787817,44736.009999999995,149656.01459041212,217681.47576787215,2036,11,3643
194,2036-12-01,2036,12,2037,146280.22636986902,162142.73957981286,242948.29372894802,43423.26999999999,141467.6152742613,205771.07676256192,2036,12,3536
195,2037-01-01,2037,1,2037,156507.65516480652,170458.53233547797,258582.74739076415,45152.17,152120.11074689362,221265.61563184526,2037,1,3677
196,2037-02-01,2037,2,2037,151349.0285693423,166295.9400753553,250791.7554979818,44280.07,146895.11387980497,213665.62018880722,2037,2,3606
197,2037-03-01,2037,3,2037,156633.9115853791,170482.1321010639,258660.4028938839,45152.17,152189.55177820852,221366.62076830334,2037,3,3677
198,2037-04-01,2037,4,2037,157627.5876763195,171399.8916193844,260291.7145948091,45348.009999999995,153189.81079489243,222821.54297438898,2037,4,3693
199,2037-05-01,2037,5,2037,170870.8545714847,182231.03148003455,279873.96640644816,47688.91,166404.7531601499,242043.27732385445,2037,5,3884
200,2037-06-01,2037,6,2037,186521.96111476544,193883.98471228208,302350.5665845652,50162.409999999996,182008.31118603767,264739.3617251457,2037,6,4085
201,2037-07-01,2037,7,2037,210034.4931424734,211737.31376676378,337803.79928585974,54093.15,207742.69680127705,302171.1953473121,2037,7,4405
202,2037-08-01,2037,8,2037,205482.89753092252,208416.43950298306,331084.7835724816,53341.92,202773.62441284076,294943.4536914047,2037,8,4344
203,2037-09-01,2037,9,2037,212604.2276961173,213246.7990708258,340836.6557318326,54399.15,209944.50731619785,305373.8288235605,2037,9,4430
204,2037-10-01,2037,10,2038,196773.00615081788,201908.13445308246,318656.6726908887,51903.55,193873.05260169986,281997.1674206543,2037,10,4227
205,2037-11-01,2037,11,2038,175443.40805306466,185211.58302712004,285592.9794718529,48304.14,170615.10659585224,248167.42777578507,2037,11,3934
206,2037-12-01,2037,12,2038,145776.34955498093,161622.14971503592,242016.55886113763,43313.11,140709.66993232287,204668.61081065144,2037,12,3527
207,2038-01-01,2038,1,2038,149306.3877377753,164393.45263281188,247158.9651608906,43888.39,144274.0829224431,209853.2115235536,2038,1,3574
208,2038-02-01,2038,2,2038,148587.18368743773,164108.2972691987,246564.81442642587,43851.67,143821.37466350745,209194.72678328358,2038,2,3571
209,2038-03-01,2038,3,2038,161053.79632839758,174252.5703739177,265248.30041958153,45960.01,156353.22190770204,227422.86822938477,2038,3,3743
210,2038-04-01,2038,4,2038,164749.29136809573,177507.28215546685,271108.0768885976,46659.22,160441.77102328598,233369.84876114322,2038,4,3800
211,2038-05-01,2038,5,2038,191702.3099420471,198273.8505522852,310949.48874880036,51120.189999999995,187899.95018687594,273309.0184536377,2038,5,4163
212,2038-06-01,2038,6,2038,203880.8517607291,207525.17442617146,329075.366354555,53169.03,201208.43009340102,292666.8074085833,2038,6,4330
213,2038-07-01,2038,7,2038,220348.32859183854,218402.54543459133,351259.0592102429,55534.41,217775.93168384454,316764.99154013756,2038,7,4522
214,2038-08-01,2038,8,2038,220766.65209261584,218794.97556395252,352125.96981831326,55620.090000000004,218511.74618218874,317835.2671740927,2038,8,4529
215,2038-09-01,2038,9,2038,224743.96305435122,221663.36684856133,357498.36331572244,56286.490000000005,222286.3621069765,323325.6176101477,2038,9,4583
216,2038-10-01,2038,10,2039,192305.43720000074,198681.32593286852,311726.71307787945,51218.11,188710.62209541711,274488.17759333394,2038,10,4171
217,2038-11-01,2038,11,2039,168432.9674515663,181000.14699920933,277472.1073573857,47444.11,164682.94170252813,239538.82429458637,2038,11,3864
218,2038-12-01,2038,12,2039,154745.39275724627,168762.23628554115,255339.6147668017,44784.97,150017.94777690215,218207.9240391304,2038,12,3647
219,2039-01-01,2039,1,2039,148142.20093179384,163868.267856193,246049.6353031357,43814.95,143467.92561665332,208680.61907876842,2039,1,3568
220,2039-02-01,2039,2,2039,156807.26834237544,170614.5169012436,258902.35147201736,45176.649999999994,152345.91201538983,221594.05384056704,2039,2,3679
221,2039-03-01,2039,3,2039,161776.07534163835,175151.4613458929,266819.32284819253,46168.09,157274.82370873445,228763.37993997737,2039,3,3760
222,2039-04-01,2039,4,2039,180688.09160163876,189850.64310662745,294169.7874025903,49337.740000000005,176351.466922568,256511.22461464442,2039,4,4018
223,2039-05-01,2039,5,2039,176810.53737735518,186457.8756193827,288009.7533120753,48578.86000000001,172227.11703671206,250512.1702352175,2039,5,3956
224,2039-06-01,2039,6,2039,216828.74633269088,215314.04279719654,345341.0374726741,54821.43,213585.45867048,310669.7580661527,2039,6,4464
225,2039-07-01,2039,7,2039,215207.82987046268,214579.7987008013,343685.34722396865,54668.43,212102.06982458784,308512.1015630368,2039,7,4452
226,2039-08-01,2039,8,2039,227962.55625342194,223479.56001886557,361288.4086957441,56658.45,225290.01401229878,327694.5658360709,2039,8,4613
227,2039-09-01,2039,9,2039,214261.5507769043,214098.32268485863,342618.06114522397,54570.509999999995,211308.91440646406,307358.4209548568,2039,9,4444
228,2039-10-01,2039,10,2040,192813.5272460599,198893.7783861045,312204.5780952172,51254.83,189084.45723533296,275031.93779684795,2039,10,4174
229,2039-11-01,2039,11,2040,158227.63037120108,171820.78235065367,261081.75136359793,45433.69,153727.65418332728,223603.86063029425,2039,11,3700
230,2039-12-01,2039,12,2040,143563.18243311797,160189.12195626737,239202.24937100103,43053.009999999995,138847.73462988157,201960.34127982773,2039,12,3506
231,2040-01-01,2040,1,2040,147738.59509512183,163493.4369008722,245401.9041875084,43729.270000000004,143032.39333356702,208047.1175760975,2040,1,3561
232,2040-02-01,2040,2,2040,149329.25855882344,164398.02446091158,247173.33840540575,43888.39,144286.66187401957,209871.50818039212,2040,2,3574
233,2040-03-01,2040,3,2040,149827.21464412296,164738.16855005707,247804.2705294079,43949.59,144701.61443968432,210475.07554863175,2040,3,3579
234,2040-04-01,2040,4,2040,180170.36704091218,189260.4545173679,293133.71115494036,49190.86,175654.8009558351,255497.89229939645,2040,4,4006
235,2040-05-01,2040,5,2040,178560.97862041253,188151.01706088585,291027.1337316288,48958.3,174238.70204331027,253438.11206299672,2040,5,3987
236,2040-06-01,2040,6,2040,182444.51666579547,191060.04529541673,296723.3405950826,49582.54,178096.65133285418,259049.67466596974,2040,6,4038
237,2040-07-01,2040,7,2040,201400.77078494788,205817.43878523764,325622.93445910886,52801.829999999994,198505.216910888,288734.86096129165,2040,7,4300
238,2040-08-01,2040,8,2040,222873.29196339028,220236.34173247078,354817.60677157267,55950.56999999999,220453.983225698,320660.3392373789,2040,8,4556
239,2040-09-01,2040,9,2040,202565.95777217162,206449.68233431835,327068.3447235292,52936.47,199607.68853511108,290338.45605107065,2040,9,4311
240,2040-10-01,2040,10,2041,184676.7420892443,192941.6789327084,300443.3091580969,49989.520000000004,180601.55907616776,262693.1768380621,2040,10,4071
241,2040-11-01,2040,11,2041,160591.63258903933,173895.95867263264,264665.1007974332,45886.57,155973.28145522164,226870.2275712315,2040,11,3737
242,2040-12-01,2040,12,2041,140382.0984313355,156870.35439745465,233314.11342145124,42340.03,134725.98659556787,195965.0714117351,2040,12,3448
243,2041-01-01,2041,1,2041,150241.8683451598,165182.4770809253,248625.7213108352,44059.75,145284.44540233788,211322.82967612785,2041,1,3588
244,2041-02-01,2041,2,2041,152141.74466480225,166589.05387446476,251477.07331141137,44316.78999999999,147416.89959689125,214424.58123184182,2041,2,3609
245,2041-03-01,2041,3,2041,151590.9073945461,166443.77156167146,251098.3686776596,44304.55,147100.6195878337,213964.5375823036,2041,3,3608
246,2041-04-01,2041,4,2041,172960.7095387576,183341.89811989103,282236.24130060954,47886.28,168259.15239215002,244740.58529767275,2041,4,3900
247,2041-05-01,2041,5,2041,181761.97758850805,190458.0606693178,295435.769904201,49460.14,177232.85140284608,257793.23840413976,2041,5,4028
248,2041-06-01,2041,6,2041,201228.2531945415,205695.7362676051,325393.34670158825,52777.35,198349.31821533118,288508.0992222999,2041,6,4298
249,2041-07-01,2041,7,2041,222733.0649786195,220071.1473469435,354572.7286031014,55913.850000000006,220302.5248528241,320440.03614956234,2041,7,4553
250,2041-08-01,2041,8,2041,226429.66337093443,222432.62953731793,359176.5552775435,56433.369999999995,223619.68557276396,325264.9971967476,2041,8,4595
251,2041-09-01,2041,9,2041,220906.17114226572,218810.12347461656,352199.22407606133,55620.090000000004,218588.4816594962,317946.8824138126,2041,9,4529
252,2041-10-01,2041,10,2042,195753.98686598398,201178.3116993938,317104.4254220587,51744.43,192600.8966929579,280146.7588261205,2041,10,4214
253,2041-11-01,2041,11,2042,166657.13107755958,179129.4294298804,274097.7553327201,47026.42,162475.04317599113,236327.33552871435,2041,11,3830
254,2041-12-01,2041,12,2042,153024.7137059797,167684.86991105997,253347.57002743444,44576.89,148678.99678828887,216260.35896478378,2041,12,3630
255,2042-01-01,2042,1,2042,145362.07586333324,161436.77564160092,241555.14375112555,43288.630000000005,140386.4303810833,204198.4441906666,2042,1,3525
256,2042-02-01,2042,2,2042,149127.99756266113,164357.69789817027,247046.60800828348,43888.39,144175.9683261303,209710.49938346227,2042,2,3574
257,2042-03-01,2042,3,2042,163278.58574239444,176095.35071028478,268618.894337249,46365.46000000001,158771.80842915032,230940.81226058223,2042,3,3776
258,2042-04-01,2042,4,2042,180688.09160163876,189850.64310662745,294169.7874025903,49337.740000000005,176351.466922568,256511.22461464442,2042,4,4018
259,2042-05-01,2042,5,2042,183480.13293387805,192043.22961344494,298657.94984713855,49802.86,179421.61646779958,260976.8966804358,2042,5,4056
260,2042-06-01,2042,6,2042,214922.87056227826,214347.23992251718,343177.6501838707,54619.47,211760.2933300864,308014.9721164893,2042,6,4448
261,2042-07-01,2042,7,2042,234285.30087715705,227138.27467699657,368776.7206869576,57443.34,230742.04738868645,335624.7962017257,2042,7,4677
262,2042-08-01,2042,8,2042,229548.67583520355,224331.9416022131,363014.0579531024,56829.810000000005,226566.5612614453,329551.36183482956,2042,8,4627
263,2042-09-01,2042,9,2042,213946.4538778708,213961.93480674684,342294.3256969419,54546.03,211063.13875782897,307000.9291022967,2042,9,4442
264,2042-10-01,2042,10,2043,191119.3608866098,197700.1197134157,309795.7103832984,50997.79,187085.19560221874,272123.9208759545,2042,10,4153
265,2042-11-01,2042,11,2043,166018.96620752866,178694.82122117182,273298.17125070875,46928.5,161948.7464141408,235561.81296602293,2042,11,3822
266,2042-12-01,2042,12,2043,162675.95742708337,175574.16623875368,267726.6543442677,46255.3,158211.63309531254,230126.01177500005,2042,12,3767
267,2043-01-01,2043,1,2043,147594.69010193844,163363.94314215067,245175.40913407126,43704.79000000001,142892.2315664828,207843.2459148841,2043,1,3559
268,2043-02-01,2043,2,2043,163490.22291933215,176133.20335447317,268747.1870252789,46365.46000000001,158888.20887646606,231110.1220021324,2043,2,3776
269,2043-03-01,2043,3,2043,165726.74764851405,178521.74025264426,272949.32864361256,46891.78,161690.77600876612,235186.58328547794,2043,3,3819
270,2043-04-01,2043,4,2043,167716.37452888495,180309.68994734914,276252.7674715452,47283.46,163904.52429297008,238406.58078977466,2043,4,3851
271,2043-05-01,2043,5,2043,192018.8350414009,198569.31787449174,311493.3898411296,51193.630000000005,188526.35188735384,274220.1481997874,2043,5,4169
272,2043-06-01,2043,6,2043,203880.8517607291,207525.17442617146,329075.366354555,53169.03,201208.43009340102,292666.8074085833,2043,6,4330
273,2043-07-01,2043,7,2043,214347.5886451283,214108.2517939118,342663.7549473691,54570.509999999995,211356.23523398727,307427.25124943606,2043,7,4444
274,2043-08-01,2043,8,2043,219540.3963836052,217917.2544150387,350253.3331074099,55421.19,216984.20970889955,315613.39594021754,2043,8,4513
275,2043-09-01,2043,9,2043,211008.55315781746,212345.3881330156,338984.46315943194,54215.549999999996,208580.63533054962,303390.015026254,2043,9,4415
276,2043-10-01,2043,10,2044,199372.80897808995,203910.20906794447,322265.43146251986,52348.950000000004,196295.45353169946,285520.65968247195,2043,10,4263
277,2043-11-01,2043,11,2044,168208.51354859563,180962.01198981932,277337.3744092751,47444.11,164559.49205589428,239359.26117220987,2043,11,3864
278,2043-12-01,2043,12,2044,158067.6488132602,171791.11645401307,260983.9056518742,45433.69,153639.6643264598,223475.8753839415,2043,12,3700
279,2044-01-01,2044,1,2044,155620.54193226038,169704.77371098843,257135.532986752,44980.81,151170.7253231599,219884.6913791417,2044,1,3663
280,2044-02-01,2044,2,2044,162817.83676517493,175599.53204639695,267812.8923207576,46255.3,158289.6667312629,230239.51524547333,2044,2,3767
281,2044-03-01,2044,3,2044,177679.28009135195,187275.4738508488,289571.06462809467,48750.22,173332.54450857692,252120.06473974825,2044,3,3970
282,2044-04-01,2044,4,2044,189841.04660757142,196606.31073564835,307735.42090179806,50765.23,185682.17705083097,270083.1666193905,2044,4,4134
283,2044-05-01,2044,5,2044,227607.88385664145,223293.00142506714,360922.6665443878,56621.729999999996,225014.88149615284,327294.3730853132,2044,5,4610
284,2044-06-01,2044,6,2044,216856.88009223616,215317.22372217893,345355.94701949763,54821.43,213600.93223822993,310692.26507378893,2044,6,4464
285,2044-07-01,2044,7,2044,228949.20451128655,223674.32924894593,361891.82421724824,56682.92999999999,225870.767908291,328539.29877569596,2044,7,4615
286,2044-08-01,2044,8,2044,240971.50650018046,231277.3043299624,377290.35135689407,58350.63,237125.87733551592,344910.3670334777,2044,8,4751
287,2044-09-01,2044,9,2044,243569.84493641922,232564.40660722126,380230.5352644599,58619.909999999996,239535.49270461395,348415.26211580203,2044,9,4773
288,2044-10-01,2044,10,2045,192305.43720000074,198681.32593286852,311726.71307787945,51218.11,188710.62209541711,274488.17759333394,2044,10,4171
289,2044-11-01,2044,11,2045,168432.9674515663,181000.14699920933,277472.1073573857,47444.11,164682.94170252813,239538.82429458637,2044,11,3864
290,2044-12-01,2044,12,2045,154745.39275724627,168762.23628554115,255339.6147668017,44784.97,150017.94777690215,218207.9240391304,2044,12,3647
291,2045-01-01,2045,1,2045,148142.20093179384,163868.267856193,246049.6353031357,43814.95,143467.92561665332,208680.61907876842,2045,1,3568
292,2045-02-01,2045,2,2045,156807.26834237544,170614.5169012436,258902.35147201736,45176.649999999994,152345.91201538983,221594.05384056704,2045,2,3679
293,2045-03-01,2045,3,2045,161776.07534163835,175151.4613458929,266819.32284819253,46168.09,157274.82370873445,228763.37993997737,2045,3,3760
294,2045-04-01,2045,4,2045,180688.09160163876,189850.64310662745,294169.7874025903,49337.740000000005,176351.466922568,256511.22461464442,2045,4,4018
295,2045-05-01,2045,5,2045,176810.53737735518,186457.8756193827,288009.7533120753,48578.86000000001,172227.11703671206,250512.1702352175,2045,5,3956
296,2045-06-01,2045,6,2045,216828.74633269088,215314.04279719654,345341.0374726741,54821.43,213585.45867048,310669.7580661527,2045,6,4464
297,2045-07-01,2045,7,2045,215207.82987046268,214579.7987008013,343685.34722396865,54668.43,212102.06982458784,308512.1015630368,2045,7,4452
298,2045-08-01,2045,8,2045,227962.55625342194,223479.56001886557,361288.4086957441,56658.45,225290.01401229878,327694.5658360709,2045,8,4613
299,2045-09-01,2045,9,2045,214261.5507769043,214098.32268485863,342618.06114522397,54570.509999999995,211308.91440646406,307358.4209548568,2045,9,4444
300,2045-10-01,2045,10,2046,182076.44333148072,190755.27130314882,296033.1983767837,49521.34,177644.28011356443,258391.68016518457,2045,10,4033
301,2045-11-01,2045,11,2046,156636.08745839618,170482.53883618992,258661.74013436283,45152.17,152190.74850836792,221368.361466717,2045,11,3677
302,2045-12-01,2045,12,2046,146494.96588412824,162443.54492844894,243438.91409540444,43521.19,141726.6530904372,206147.85904063593,2045,12,3544
303,2046-01-01,2046,1,2046,153969.62445183587,168410.4057913343,254623.17283918167,44723.770000000004,149496.03182350972,217448.7735614687,2046,1,3642
304,2046-02-01,2046,2,2046,158062.636719373,171790.18460932054,260980.84123804077,45433.69,153636.90767482185,223471.86570883176,2046,2,3700
305,2046-03-01,2046,3,2046,155836.56325618076,169883.89970756287,257457.66978312534,45029.770000000004,151411.56509298278,220235.00377161131,2046,3,3667
306,2046-04-01,2046,4,2046,173616.40251652917,183819.58118048857,283056.43503080163,48008.68,168787.35363409107,245508.87801322338,2046,4,3910
307,2046-05-01,2046,5,2046,175522.13325850517,185224.18259656618,285640.0701045303,48304.14,170658.40545884453,248230.4079401375,2046,5,3934
308,2046-06-01,2046,6,2046,219778.55399156542,217993.79825559809,350435.9698077069,55433.43,217139.9742370277,315839.9625265857,2046,6,4514
309,2046-07-01,2046,7,2046,245079.5829172761,233267.32519265724,381857.6303147657,58766.78999999999,240829.32855241856,350297.20516715426,2046,7,4785
310,2046-08-01,2046,8,2046,236576.97770435133,228521.77699903952,371623.6978211177,57749.340000000004,232919.83240405994,338792.48349681444,2046,8,4702
311,2046-09-01,2046,9,2046,216670.3088469673,215173.19459645107,345116.53546455223,54784.71,213441.17202208203,310459.8865775739,2046,9,4461
312,2046-10-01,2046,10,2047,200848.1031477289,205302.0176337178,324684.72223883285,52679.43000000001,197896.1796062509,287848.9885181831,2046,10,4290
313,2046-11-01,2046,11,2047,173500.6905340688,183727.83475034562,282914.232304291,47984.200000000004,168697.07302290454,245377.5607605884,2046,11,3908
314,2046-12-01,2046,12,2047,144350.23439681897,160934.45502025803,240438.5566124863,43215.189999999995,139595.31301200046,203047.7280174552,2046,12,3519
315,2047-01-01,2047,1,2047,146702.90545159145,162512.74775886344,243597.05998847826,43533.42999999999,141848.610196292,206325.25119460648,2047,1,3545
316,2047-02-01,2047,2,2047,172101.44428798038,182914.87780889665,281323.65526057326,47811.31,167587.16844172255,243763.15409705098,2047,2,3894
317,2047-03-01,2047,3,2047,165640.91536206365,178334.1002941316,272678.8975098225,46842.81999999999,161550.18604288503,234982.08878965097,2047,3,3815
318,2047-04-01,2047,4,2047,174100.64531602888,184170.96953557403,283711.3749706041,48082.119999999995,169213.81256964925,246129.18191948978,2047,4,3916
319,2047-05-01,2047,5,2047,181065.70230980503,190057.74485040238,294605.0159706491,49374.46,176656.40300997611,256954.76801451072,2047,5,4021
320,2047-06-01,2047,6,2047,200776.80185420933,205293.00507743575,324645.77397081174,52679.43000000001,197856.96389481513,287791.94748336746,2047,6,4290
321,2047-07-01,2047,7,2047,207463.6207516741,209530.47455574325,333555.68759431207,53588.25,204586.9042259208,297580.95160133933,2047,7,4364
322,2047-08-01,2047,8,2047,210990.37952619235,212343.27203775785,338974.7276130077,54215.549999999996,208570.6398331558,303375.4761209539,2047,8,4415
323,2047-09-01,2047,9,2047,206601.0478290812,208951.5375701763,332327.69162812503,53453.61,203708.16200391133,296302.7810965983,2047,9,4353
324,2047-10-01,2047,10,2048,202172.3763455672,206300.06599733868,326677.1334307471,52911.990000000005,199307.28806297865,289901.5099097871,2047,10,4309
325,2047-11-01,2047,11,2048,165881.28698337224,178548.25853898228,273042.38477565115,46891.78,161775.77264293807,235310.21475336445,2047,11,3819
326,2047-12-01,2047,12,2048,137331.5796419012,154272.81829428626,228356.22270803328,41821.19,131159.368573879,190777.26338018762,2047,12,3406
327,2048-01-01,2048,1,2048,150325.82660613972,165296.09326099977,248782.48083682114,44084.229999999996,145374.4489667102,211453.74395157848,2048,1,3590
328,2048-02-01,2048,2,2048,170589.32389339345,182037.32914318756,279543.61224277026,47652.19,166181.3069226164,241718.2646147148,2048,2,3881
329,2048-03-01,2048,3,2048,149876.76876489702,164748.07307534412,247835.39668893273,43949.59,144728.86920611004,210514.71884525096,2048,3,3579
330,2048-04-01,2048,4,2048,168987.0760218133,181229.94083537592,277997.17452221684,47480.83,165073.49328074732,240106.89931745065,2048,4,3867
331,2048-05-01,2048,5,2048,184926.06965026248,193070.9487277217,300681.2184466886,50014.0,180776.78658889435,262948.05322021,2048,5,4073
332,2048-06-01,2048,6,2048,197405.5272941988,202505.2051092504,319677.4459456055,52038.19,194539.32884514268,282966.29650202574,2048,6,4238
333,2048-07-01,2048,7,2048,219642.77124726318,217978.68648011217,350364.50509547,55433.43,217065.29372766142,315731.3363311439,2048,7,4514
334,2048-08-01,2048,8,2048,228103.75797879242,223494.09301400254,361361.42644204653,56658.45,225367.6749612525,327807.5272163673,2048,8,4613
335,2048-09-01,2048,9,2048,222058.184815101,219554.9268991055,353616.0172960124,55791.45,219591.8956587222,319406.39368541416,2048,9,4543
336,2048-10-01,2048,10,2049,183127.03570173844,191796.4867221276,298207.50361556874,49741.66,179103.52377137283,260514.2163947241,2048,10,4051
337,2048-11-01,2048,11,2049,162395.7407471711,175414.57561286562,267446.9549015285,46217.05,158018.39689011077,229844.94093107025,2048,11,3764
338,2048-12-01,2048,12,2049,140409.08954217876,156876.2785380593,233331.47352401802,42340.03,134740.83170653167,195986.6643004097,2048,12,3448
339,2049-01-01,2049,1,2049,139902.65794281673,156442.07485816057,232531.8394848245,42254.35,134248.7452539659,195270.90218758673,2049,1,3441
340,2049-02-01,2049,2,2049,149915.03993432698,164955.7166539889,248259.41961971216,43998.55,145049.55055762985,210981.1644474616,2049,2,3583
341,2049-03-01,2049,3,2049,147915.9727679306,163629.6439638037,245714.04368789113,43753.75,143271.17340777852,208394.43404767785,2049,3,3563
342,2049-04-01,2049,4,2049,169530.03917961463,181393.30679368234,278396.24813275575,47505.31,165398.7620383714,240580.01751035842,2049,4,3869
343,2049-05-01,2049,5,2049,188051.00654533372,194940.28905674585,304571.34551399574,50398.03,183610.56970410023,267069.9195696003,2049,5,4104
344,2049-06-01,2049,6,2049,187292.58905075648,194511.40875855944,303565.7626722944,50312.350000000006,182828.0680924994,265931.7354072719,2049,6,4097
345,2049-07-01,2049,7,2049,213636.51928718132,213806.34758292843,342009.560463944,54509.31,210846.9870350331,306686.5265964117,2049,7,4439
346,2049-08-01,2049,8,2049,212917.61561882586,213329.78998199975,341051.0735709209,54411.39,210135.91935077094,305652.24632839405,2049,8,4431
347,2049-09-01,2049,9,2049,214716.7070834605,214323.66617421954,343068.14544167067,54619.47,211646.90341673663,307850.0413334351,2049,9,4448
348,2049-10-01,2049,10,2050,192813.5272460599,198893.7783861045,312204.5780952172,51254.83,189084.45723533296,275031.93779684795,2049,10,4174
349,2049-11-01,2049,11,2050,158227.63037120108,171820.78235065367,261081.75136359793,45433.69,153727.65418332728,223603.86063029425,2049,11,3700
350,2049-12-01,2049,12,2050,143563.18243311797,160189.12195626737,239202.24937100103,43053.009999999995,138847.73462988157,201960.34127982773,2049,12,3506
351,2050-01-01,2050,1,2050,147738.59509512183,163493.4369008722,245401.9041875084,43729.270000000004,143032.39333356702,208047.1175760975,2050,1,3561
352,2050-02-01,2050,2,2050,149329.25855882344,164398.02446091158,247173.33840540575,43888.39,144286.66187401957,209871.50818039212,2050,2,3574
353,2050-03-01,2050,3,2050,149827.21464412296,164738.16855005707,247804.2705294079,43949.59,144701.61443968432,210475.07554863175,2050,3,3579
354,2050-04-01,2050,4,2050,180170.36704091218,189260.4545173679,293133.71115494036,49190.86,175654.8009558351,255497.89229939645,2050,4,4006
355,2050-05-01,2050,5,2050,178560.97862041253,188151.01706088585,291027.1337316288,48958.3,174238.70204331027,253438.11206299672,2050,5,3987
356,2050-06-01,2050,6,2050,182444.51666579547,191060.04529541673,296723.3405950826,49582.54,178096.65133285418,259049.67466596974,2050,6,4038
357,2050-07-01,2050,7,2050,201400.77078494788,205817.43878523764,325622.93445910886,52801.829999999994,198505.216910888,288734.86096129165,2050,7,4300
358,2050-08-01,2050,8,2050,222873.29196339028,220236.34173247078,354817.60677157267,55950.56999999999,220453.983225698,320660.3392373789,2050,8,4556
359,2050-09-01,2050,9,2050,202565.95777217162,206449.68233431835,327068.3447235292,52936.47,199607.68853511108,290338.45605107065,2050,9,4311
360,2050-10-01,2050,10,2051,190259.86432466935,197001.3632755024,308413.6942991087,50850.909999999996,186108.8883681515,270703.83762640215,2050,10,4141
361,2050-11-01,2050,11,2051,160929.72676611983,174130.14238612688,265058.196315003,45935.53,156235.42796094928,227251.53157956258,2050,11,3741
362,2050-12-01,2050,12,2051,142396.38533835474,159033.84411675163,237227.75422480353,42808.21,137647.41851942847,200214.42693735048,2050,12,3486
363,2051-01-01,2051,1,2051,155116.12540166505,169059.40420294562,255949.8640331744,44846.170000000006,150397.30245008244,218759.7126546654,2051,1,3652
364,2051-02-01,2051,2,2051,166318.6932996065,178746.21669060012,273478.2452357467,46928.5,162113.5963147836,235801.59463968524,2051,2,3822
365,2051-03-01,2051,3,2051,165726.74764851405,178521.74025264426,272949.32864361256,46891.78,161690.77600876612,235186.58328547794,2051,3,3819
366,2051-04-01,2051,4,2051,177833.76096771014,187299.59841995192,289662.9439120983,48750.22,173417.50899057393,252243.64944083476,2051,4,3970
367,2051-05-01,2051,5,2051,199564.26080724475,204060.4032657591,322573.2137279886,52385.67,196492.27306898465,285806.9426457959,2051,5,4266
368,2051-06-01,2051,6,2051,213722.7901437039,213936.08620003363,342175.2754583036,54546.03,210940.12370403716,306821.9981149631,2051,6,4442
369,2051-07-01,2051,7,2051,217966.8000832874,216481.119757725,347542.711588414,55090.71000000001,214997.1257958081,312723.09206663,2051,7,4486
370,2051-08-01,2051,8,2051,227809.17505602972,223463.7599561305,361209.12302314723,56658.45,225205.65435373306,327571.86087815714,2051,8,4613
371,2051-09-01,2051,9,2051,223173.08018285438,220741.6448527157,355696.44181616005,56076.03,220979.54551723658,321424.7934796168,2051,9,4566
372,2051-10-01,2051,10,2052,198420.05521571508,203032.4916609796,320719.5079075923,52150.05,195302.19729572666,284075.92333923874,2051,10,4247
373,2051-11-01,2051,11,2052,182090.69360848586,190757.4029404031,296041.5217257446,49521.34,177652.11776591727,258403.0803867887,2051,11,4033
374,2051-12-01,2051,12,2052,154238.79137794295,168512.3549368208,254858.25623725285,44736.009999999995,149674.5806432853,217708.48093568772,2051,12,3643
375,2052-01-01,2052,1,2052,161682.23523351323,175040.84675889017,266668.6826583075,46143.61,157185.114295099,228632.89352014393,2052,1,3758
376,2052-02-01,2052,2,2052,165050.57783478405,177805.81048619293,271550.7035828467,46732.66,160710.31230913123,233760.4542678272,2052,2,3806
377,2052-03-01,2052,3,2052,164084.02904568214,176706.0228488178,269786.86086432805,46487.86,159574.29943345854,232108.0719032124,2052,3,3786
378,2052-04-01,2052,4,2052,164749.29136809573,177507.28215546685,271108.0768885976,46659.22,160441.77102328598,233369.84876114322,2052,4,3800
379,2052-05-01,2052,5,2052,192379.5968618191,198691.34073687004,311768.1638411216,51218.11,188751.4099094172,274547.5053227886,2052,5,4171
380,2052-06-01,2052,6,2052,215251.50748920528,214584.78402709213,343708.57145636214,54668.43,212126.09251489624,308547.0436580309,2052,6,4452
381,2052-07-01,2052,7,2052,209737.6479758971,211629.26715746685,337571.1196745265,54068.67,207552.79293882678,301894.9715473844,2052,7,4403
382,2052-08-01,2052,8,2052,242348.40595317207,231734.46302917856,378487.75468720705,58436.31,238159.74194091136,346414.170095871,2052,8,4758
383,2052-09-01,2052,9,2052,224743.96305435122,221663.36684856133,357498.36331572244,56286.490000000005,222286.3621069765,323325.6176101477,2052,9,4583
384,2052-10-01,2052,10,2053,202862.61001766194,206797.4066649974,327557.80348383717,53022.15000000001,199904.18800971407,290769.72801412956,2052,10,4318
385,2052-11-01,2052,11,2053,168074.2733224394,180845.4571319307,277163.15869962354,47419.63,164447.56257734168,239196.45465795154,2052,11,3862
386,2052-12-01,2052,12,2053,164994.08728715766,177702.1953879708,271422.77330744424,46708.18,160641.14515377005,233659.84749639285,2052,12,3804
387,2053-01-01,2053,1,2053,152778.22429005784,167510.97771216964,252991.03175984704,44540.170000000006,148451.90657828184,215930.0459320463,2053,1,3627
388,2053-02-01,2053,2,2053,149875.1777342796,164747.75507145794,247834.39732355133,43949.59,144727.99413927045,210513.44602075702,2053,2,3579
389,2053-03-01,2053,3,2053,171026.33189238928,182443.2130138864,280271.3078801256,47737.87,166721.14789498082,242503.48784724477,2053,3,3888
390,2053-04-01,2053,4,2053,177789.61722127834,187292.7152580227,289636.6968622296,48750.22,173393.22993003644,252208.33444368935,2053,4,3970
391,2053-05-01,2053,5,2053,181834.49333304644,190468.94900131476,295478.1856603062,49460.14,177272.7350623422,257851.25099977053,2053,5,4028
392,2053-06-01,2053,6,2053,208242.65457285766,210117.12345437703,334623.8032005747,53710.65,205303.25543173842,298622.91699161945,2053,6,4374
393,2053-07-01,2053,7,2053,227909.79855409428,223474.13086660398,361261.13573870447,56658.45,225260.99727766856,327652.3596766088,2053,7,4613
394,2053-08-01,2053,8,2053,220064.12303794417,218125.39177953187,350763.3974225537,55457.909999999996,217380.96790003596,316190.4987636887,2053,8,4516
395,2053-09-01,2053,9,2053,206487.0569468505,208887.6904892384,332165.70364551194,53441.369999999995,203589.17875826778,296129.7145574804,2053,9,4352
396,2053-10-01,2053,10,2054,187124.69532926363,194387.78296835773,303312.5043539703,50287.87,182654.6604415117,265679.50609674427,2053,10,4095
397,2053-11-01,2053,11,2054,161897.87083070553,175273.33269212395,267093.1088382639,46192.57,157729.3877485547,229424.56399789779,2053,11,3762
398,2053-12-01,2053,12,2054,151127.46880169306,166052.13894985453,250297.6671676443,44231.11,146399.14463259786,212944.2103746878,2053,12,3602
399,2054-01-01,2054,1,2054,147929.1976205067,163632.33232381855,245722.39437554,43753.75,143278.44707669536,208405.01392973872,2054,1,3563
400,2054-02-01,2054,2,2054,142774.7172368712,159260.21543836655,237692.65717433736,42844.93,137958.48042819585,200666.88062283033,2054,2,3489
401,2054-03-01,2054,3,2054,156766.06238944654,170506.82324374965,258741.60147994006,45152.17,152262.23472044562,221472.34141155722,2054,3,3677
402,2054-04-01,2054,4,2054,166594.0302778621,179118.5756018452,274059.92819322343,47026.42,162440.3377361575,236276.85488895635,2054,4,3830
403,2054-05-01,2054,5,2054,184015.00016920269,192503.23535571943,299500.39363636356,49903.84,179961.03111389483,261761.49980202885,2054,5,4064
404,2054-06-01,2054,6,2054,207031.85137743325,209155.74260290404,332814.0360064381,53502.57,204101.50699717164,296874.9192686133,2054,6,4357
405,2054-07-01,2054,7,2054,203916.91710090355,207529.68106606882,329095.00707942445,53169.03,201228.266030497,292695.65968072286,2054,7,4330
406,2054-08-01,2054,8,2054,206945.56217318564,209145.3530470176,332767.1565800364,53502.57,204054.0479348355,296805.8879052152,2054,8,4357
407,2054-09-01,2054,9,2054,215117.3172132408,214369.46274428527,343280.98683514085,54619.47,211867.2389881158,308170.52943725936,2054,9,4448
408,2054-10-01,2054,10,2055,176613.41968983322,186279.97529094422,287689.19402784784,48542.14,172027.18127732497,250221.35458519994,2054,10,3953
409,2054-11-01,2054,11,2055,170431.5661570168,181938.201439224,279375.98194900696,47627.71,166067.90114677593,241553.31075894678,2054,11,3879
410,2054-12-01,2054,12,2055,149522.2272868128,164583.4815193785,247518.6477957777,43925.10999999999,144495.77403899704,210175.67132945027,2054,12,3577
411,2055-01-01,2055,1,2055,137916.12896300212,154403.67703483946,228736.80513368794,41821.19,131480.87070048452,191244.9028370684,2055,1,3406
412,2055-02-01,2055,2,2055,159160.51549796548,172867.94896206423,262845.67774337844,45666.24999999999,154785.99920096438,225143.27156503906,2055,2,3719
413,2055-03-01,2055,3,2055,160416.78846688973,173864.1818342055,264558.7477206777,45886.57,155877.11718803935,226730.35227351176,2055,3,3737
414,2055-04-01,2055,4,2055,172477.18470091274,183126.57986214643,281752.3569013475,47849.56,167884.50520008535,244195.6439273969,2055,4,3897
415,2055-05-01,2055,5,2055,185111.79056157725,193197.36696093567,300965.58867654484,50038.48,180962.86377761752,263218.7109492618,2055,5,4075
416,2055-06-01,2055,6,2055,211311.81505323877,212453.49669703696,339219.7087681851,54240.03,208774.06839386467,303671.3722092577,2055,6,4417
417,2055-07-01,2055,7,2055,215993.44250353874,214913.1601214391,344474.55910063116,54732.69,212851.15465819635,309601.6795028311,2055,7,4457
418,2055-08-01,2055,8,2055,207290.47425485973,209409.72029750058,333305.46153494995,53563.77,204419.2012985062,297337.02007055446,2055,8,4362
419,2055-09-01,2055,9,2055,211124.96631740767,212358.91767238115,339046.7473384808,54215.549999999996,208644.66256832425,303483.1455539262,2055,9,4415
420,2055-10-01,2055,10,2056,199570.0350463992,204061.1318808957,322576.37096739997,52385.67,196495.4489005196,285811.5620371194,2055,10,4266
421,2055-11-01,2055,11,2056,172600.49491923593,183196.7673019084,281883.63991148554,47861.8,167977.10366391312,244330.33260205545,2055,11,3898
422,2055-12-01,2055,12,2056,153057.72256667027,167691.2802295122,253368.11718573672,44576.89,148697.15166166867,216286.76605333624,2055,12,3630
423,2056-01-01,2056,1,2056,157123.99960291863,171083.09333539818,259633.47235356193,45286.810000000005,152754.57313577193,222188.47001566825,2056,1,3688
424,2056-02-01,2056,2,2056,149127.99756266113,164357.69789817027,247046.60800828348,43888.39,144175.9683261303,209710.49938346227,2056,2,3574
425,2056-03-01,2056,3,2056,159022.23537791194,172742.696471258,262646.87495964766,45641.77,154660.38944743492,224960.56646899623,2056,3,3717
426,2056-04-01,2056,4,2056,180688.09160163876,189850.64310662745,294169.7874025903,49337.740000000005,176351.466922568,256511.22461464442,2056,4,4018
427,2056-05-01,2056,5,2056,192018.8350414009,198569.31787449174,311493.3898411296,51193.630000000005,188526.35188735384,274220.1481997874,2056,5,4169
428,2056-06-01,2056,6,2056,199382.97943862132,203911.49119462256,322270.99162522005,52348.950000000004,196301.04728499174,285528.7960508971,2056,6,4263
429,2056-07-01,2056,7,2056,234285.30087715705,227138.27467699657,368776.7206869576,57443.34,230742.04738868645,335624.7962017257,2056,7,4677
430,2056-08-01,2056,8,2056,232042.8615531359,225640.5802563558,365790.90617807565,57100.62,228625.8636354748,332546.71074250876,2056,8,4649
431,2056-09-01,2056,9,2056,233677.10308404555,226835.13347062134,368148.0013096708,57382.14,230266.4618837251,334933.0354672365,2056,9,4672
432,2056-10-01,2056,10,2057,209016.4389235365,210533.40972956066,335552.4547543747,53808.57000000001,206030.18457461178,299680.26847216254,2056,10,4382
433,2056-11-01,2056,11,2057,165143.03083234734,177921.922017518,271806.6325424919,46757.14,160873.73797862438,233998.16433254455,2056,11,3808
434,2056-12-01,2056,12,2057,146803.4459320691,162533.6059151689,243660.88400584477,43533.42999999999,141903.90746055468,206405.6835789886,2056,12,3545
435,2057-01-01,2057,1,2057,153006.15795135894,167681.26638480212,253336.01955220953,44576.89,148668.79112324744,216245.5143610872,2057,1,3630
436,2057-02-01,2057,2,2057,169279.73432888603,181351.62810016863,278245.9340801886,47505.31,165261.09437047067,240379.77362977556,2057,2,3869
437,2057-03-01,2057,3,2057,177649.5326522814,187270.821421291,289553.368838119,48750.22,173316.18341708812,252096.2667884918,2057,3,3970
438,2057-04-01,2057,4,2057,181464.31107992437,190217.51745104883,295015.6705942918,49398.94,176959.56852104177,257395.73603060623,2057,4,4023
439,2057-05-01,2057,5,2057,193412.80657945256,199374.41201552656,313316.2792985768,51352.75,189938.84611869894,276274.68526356213,2057,5,4182
440,2057-06-01,2057,6,2057,210296.14633284824,211918.27343333745,338179.0363654729,54129.87,207995.3145872332,302538.639399612,2057,6,4408
441,2057-07-01,2057,7,2057,237047.05291229827,228565.77169411944,371863.21917660354,57749.340000000004,233178.37376843076,339168.54366317193,2057,7,4702
442,2057-08-01,2057,8,2057,226332.90051713385,222322.50653177948,358990.9262949779,56408.89,223505.45198234034,325098.83924704045,2057,8,4593
443,2057-09-01,2057,9,2057,216221.6410207915,214975.51519069614,344632.0537088262,54744.92999999999,212989.98335310203,309803.61214996653,2057,9,4458
444,2057-10-01,2057,10,2058,205772.5099901197,208451.72424855194,331242.437055766,53341.92,202932.91126539916,295175.14365876245,2057,10,4344
445,2057-11-01,2057,11,2058,182686.23850415982,191432.18286838394,297415.6700496234,49668.22,178574.9182502046,259745.3356366612,2057,11,4045
446,2057-12-01,2057,12,2058,152864.42587399366,167553.7336151661,253070.70939615727,44552.41,148506.90779319653,216010.04769919493,2057,12,3628
447,2058-01-01,2058,1,2058,153291.35298469453,167930.30255696576,253784.44512760075,44625.850000000006,148947.67643324868,216651.165721089,2058,1,3634
448,2058-02-01,2058,2,2058,169155.45624792884,181258.01328742574,278098.3628708769,47480.83,165166.1024051109,240241.6034983431,2058,2,3867
449,2058-03-01,2058,3,2058,156864.11630270915,170734.5014906532,259046.69273583713,45213.37,152417.1369248234,221697.65370883403,2058,3,3682
450,2058-04-01,2058,4,2058,181573.28224788717,190285.94801135358,295131.5845012993,49423.42,177034.6833509213,257504.99396497646,2058,4,4025
451,2058-05-01,2058,5,2058,180051.3024062037,189019.43201408378,292733.2435981608,49129.66,175425.32202132873,255164.10475829634,2058,5,4001
452,2058-06-01,2058,6,2058,216221.95426608744,214975.55070776708,344632.219627957,54744.92999999999,212990.15563801475,309803.8627462033,2058,6,4458
453,2058-07-01,2058,7,2058,230749.17473739103,225219.19770026027,364739.93396439706,57025.65,227743.5936576484,331263.4089565795,2058,7,4643
454,2058-08-01,2058,8,2058,233082.2221455988,226381.30503280953,367285.81323383335,57271.979999999996,229693.36010716273,334099.43288314575,2058,8,4663
455,2058-09-01,2058,9,2058,213143.6092000083,213455.85356615478,341339.41752966784,54435.87,210384.25067458797,306013.4555266734,2058,9,4433
456,2058-10-01,2058,10,2059,186750.03992304747,194041.27489068962,302606.3919502619,50211.37,182175.57423892617,264982.653438438,2058,10,4089
457,2058-11-01,2058,11,2059,267231.6601347189,215453.39847040837,358541.282509826,55613.45999999999,258522.9751782621,376033.41844110854,2058,11,4528
458,2058-12-01,2058,12,2059,256846.67911976326,209355.2316297429,347071.1486828155,54259.41,248958.3698908698,362121.26529581065,2058,12,4418
459,2059-01-01,2059,1,2059,261051.15353427254,212301.2562191341,352262.80685584026,54950.97,252930.02406884992,367898.2168274181,2059,1,4474
460,2059-02-01,2059,2,2059,254845.57090750433,208328.02278674435,344985.70676940004,54037.56,247200.6215199607,359564.54039267014,2059,2,4400
461,2059-03-01,2059,3,2059,266439.11629671045,215027.42628104906,357661.81061786535,55527.78,257701.65199444076,374838.76653736836,2059,3,4521
462,2059-04-01,2059,4,2059,283069.6791293968,223717.06970873283,375500.37550952175,57371.43000000001,274018.4832711682,398572.3393035174,2059,4,4671
463,2059-05-01,2059,5,2059,327956.40171246394,247901.5266279817,424054.42680847633,62741.049999999996,317729.72380643856,462152.3255366378,2059,5,5109
464,2059-06-01,2059,6,2059,363223.17836712964,267010.43608969287,463984.76532101235,67051.06,354953.92546650465,516296.61886037036,2059,6,5460
465,2059-07-01,2059,7,2059,377691.7784110715,273093.09136083146,477311.52687312197,68379.95,369004.142761506,536733.2985621906,2059,7,5568
466,2059-08-01,2059,8,2059,374672.4650747056,271921.7888367778,474749.48381217994,68122.91,366416.41487442143,532969.3307264312,2059,8,5547
467,2059-09-01,2059,9,2059,360324.3245667055,265053.8109918867,459898.76836573717,66607.36,350968.19483460474,510499.1924866978,2059,9,5424
468,2059-10-01,2059,10,2060,321147.8520616075,243949.59992714712,416465.7393626759,61823.05,311026.68321721756,452402.4483159528,2059,10,5034
469,2059-11-01,2059,11,2060,402564.1567472583,256391.9637980417,454806.03662280756,65250.420000000006,389822.27698182553,567014.2210644735,2059,11,5312
470,2059-12-01,2059,12,2060,371943.09854455566,241793.76070462403,425050.3599010672,62048.81,360149.54250158905,523853.88000231126,2059,12,5051
471,2060-01-01,2060,1,2060,354674.88018511597,233207.1560904886,408309.80180982524,60117.95,343223.45863306377,499234.12164809275,2060,1,4894
472,2060-02-01,2060,2,2060,363167.2171545557,237796.85294872505,416907.041029252,61162.94,350831.42993500567,510300.26172364457,2060,2,4979
473,2060-03-01,2060,3,2060,395028.47960146656,253412.75967855006,448594.24583215517,64609.34999999999,383529.49159330665,557861.0786811733,2060,3,5260
474,2060-04-01,2060,4,2060,433105.5778266146,270177.7413225578,483422.5123859141,68330.31,420727.019804638,611966.5742612917,2060,4,5563
475,2060-05-01,2060,5,2060,439149.4158625892,273440.49243107584,489613.51493885164,69080.85999999999,426869.5432765074,620901.1538567382,2060,5,5624
476,2060-06-01,2060,6,2060,508503.2067579292,305495.7263943788,555556.2817253384,76475.35,497865.565591861,724168.0954063435,2060,6,6227
477,2060-07-01,2060,7,2060,552001.0872526505,319698.0366699679,587231.4752495743,79616.1,537395.4373118745,781666.0906354538,2060,7,6483
478,2060-08-01,2060,8,2060,541397.3136920946,316011.40292522305,579235.3868729098,78783.78,527741.489311902,767623.9844536757,2060,8,6415
479,2060-09-01,2060,9,2060,506295.49818335415,304855.6904873592,554030.4139802122,76339.18,496093.15276126156,721590.0403800168,2060,9,6216
480,2060-10-01,2060,10,2061,490276.1723968,298318.50515990565,540445.9177439372,74873.44,480827.03000574,699384.7709174401,2060,10,6097
481,2060-11-01,2060,11,2061,407902.9954704878,258431.07374826458,459284.38490010955,65703.29999999999,394305.6268316851,573535.4572097237,2060,11,5349
482,2060-12-01,2060,12,2061,364783.62074091146,238435.2169422115,418265.418023236,61297.58,352331.02902208467,512481.4967593959,2060,12,4990
483,2061-01-01,2061,1,2061,373687.1797487738,242768.4889547968,426960.7933650428,62282.899999999994,361942.5267784923,526461.8571323524,2061,1,5070
484,2061-02-01,2061,2,2061,384693.14991296176,248669.11330453955,438897.36387587275,63580.34,373564.188889629,543366.0929303694,2061,2,5176
485,2061-03-01,2061,3,2061,412033.27497988654,259891.04067619168,462291.32071282086,66009.29999999999,397546.20582227095,578249.0266505759,2061,3,5374
486,2061-04-01,2061,4,2061,440139.29546994925,273691.41874525166,490166.9298028982,69129.82,427536.0051022221,621870.5528759594,2061,4,5628
487,2061-05-01,2061,5,2061,483168.17113623756,294701.80907418416,533217.7102195191,74004.4,473325.0690728473,688472.8277423235,2061,5,6026
488,2061-06-01,2061,6,2061,521599.8245268637,310355.2122298726,566254.4999125325,77567.09,510372.1041981084,742359.4242881577,2061,6,6316
489,2061-07-01,2061,7,2061,520651.90927547746,310166.4704703888,565718.5881911601,77530.37,509541.5214452627,741151.303920382,2061,7,6313
490,2061-08-01,2061,8,2061,525872.1505570702,311371.2447927102,568708.9914954524,77775.16999999998,514300.399670972,748073.3086123228,2061,8,6333
491,2061-09-01,2061,9,2061,550424.2271553939,318940.96995640965,585596.3125177692,79432.5,535706.7570188,779209.8283909819,2061,9,6468
492,2061-10-01,2061,10,2062,442096.5909745262,274350.09121981106,491603.2774996009,69276.7,429104.64342140616,624152.2086129542,2061,10,5640
493,2061-11-01,2061,11,2062,401795.596623011,256039.517321945,454039.82857465226,65164.74,389111.5406739061,565980.4227984089,2061,11,5305
494,2061-12-01,2061,12,2062,369009.7650239358,240017.03085330292,421641.0450332053,61632.65,356456.26180483145,518481.835352482,2061,12,5017
495,2062-01-01,2062,1,2062,352346.7853521799,232330.44814229978,406434.8607811819,59946.59,341418.51249578234,496608.7454484107,2062,1,4880
496,2062-02-01,2062,2,2062,396138.74611589813,253860.74094263543,449476.08345484757,64707.270000000004,384395.6525929106,559120.9492260518,2062,2,5268
497,2062-03-01,2062,3,2062,365504.80993338185,238691.00600069916,418864.9623799481,61346.54,352941.3777862767,513369.27678003884,2062,3,4994
498,2062-04-01,2062,4,2062,424714.6387671686,266672.07418925053,476241.69217670383,67545.42,412120.8105302761,599448.4516804016,2062,4,5499
499,2062-05-01,2062,5,2062,443447.82354543405,275373.14215611055,493450.0558065509,69521.5,430695.72196040547,626466.5046696806,2062,5,5660
500,2062-06-01,2062,6,2062,471549.98142561514,289094.564843047,522059.61217199784,72706.96,461326.5808986717,671020.4813071588,2062,6,5920
501,2062-07-01,2062,7,2062,527728.4195808902,312195.29988649685,570425.4078080961,77960.29999999999,516299.46545698965,750981.0406647122,2062,7,6348
502,2062-08-01,2062,8,2062,485110.18296666036,295749.55170182267,535371.1441507819,74249.2,475799.6699545799,692072.2472066617,2062,8,6046
503,2062-09-01,2062,9,2062,481936.4968440167,293923.20454978815,531635.4414466562,73820.79999999999,471803.3243058759,686259.3808085468,2062,9,6011
504,2062-10-01,2062,10,2063,455653.81955814303,280239.6737942876,503678.3872639736,70626.16,441255.8322882287,641826.6651465145,2062,10,5750
505,2062-11-01,2062,11,2063,401149.8512759274,255897.01364352548,453683.5916499611,65140.26,388683.9083788434,565358.4121874085,2062,11,5303
506,2062-12-01,2062,12,2063,393676.7642394615,252977.2212276389,447597.0087932006,64523.67,382374.8428212872,556181.589558236,2062,12,5253
507,2063-01-01,2063,1,2063,359709.20266527584,235932.06659160717,413369.59778106667,60745.25,347666.82302840176,505697.19713222067,2063,1,4945
508,2063-02-01,2063,2,2063,395503.1182707567,253717.9263585161,449076.8238435501,64682.79,383933.4807572495,558448.699283272,2063,2,5266
509,2063-03-01,2063,3,2063,400501.8522508779,255854.09093222226,453482.4751702531,65140.26,388327.5089150662,564840.012967369,2063,3,5303
510,2063-04-01,2063,4,2063,404897.379986309,257361.61106270293,456794.09617652197,65470.74,391740.6134508033,569804.5286557139,2063,4,5330
511,2063-05-01,2063,5,2063,457601.8549145737,281173.17313062726,505606.9386239251,70846.48,443432.10708843224,644992.1557649925,2063,5,5768
512,2063-06-01,2063,6,2063,483636.65174240817,294923.1618102896,533742.7133247174,74053.35999999999,473956.8447812412,689391.7742272599,2063,6,6030
513,2063-07-01,2063,7,2063,507202.05170320976,304945.248515008,554341.5920042525,76351.42,496627.9933742654,722367.9903625678,2063,7,6217
514,2063-08-01,2063,8,2063,518936.86604753614,309379.0323105957,564066.5505503876,77345.92,507510.90168031165,738197.6751713622,2063,8,6298
515,2063-09-01,2063,9,2063,499662.4277886004,302020.9194293778,548127.2504319628,75714.94,489857.85651289695,712520.5185642136,2063,9,6165
516,2063-10-01,2063,10,2064,478182.84928284894,291560.81850623846,527202.8580373286,73245.51999999999,467207.8520951503,679575.0575929459,2063,10,5964
517,2063-11-01,2063,11,2064,422015.71111759497,264543.15059740475,472144.36033693166,67042.05,407982.8079896773,593429.5388940761,2063,11,5458
518,2063-12-01,2063,12,2064,394763.70191989676,253394.7775927105,448511.0335932898,64609.34999999999,383383.8638684433,557649.2565359175,2063,12,5260
519,2064-01-01,2064,1,2064,390019.58443262056,251064.24295692946,443890.15875745093,64107.509999999995,378529.80140669126,550588.8020460964,2064,1,5219
520,2064-02-01,2064,2,2064,397320.9353325391,254289.30655406683,450480.7153036383,64796.01,385481.1602349799,560699.869432698,2064,2,5275
521,2064-03-01,2064,3,2064,430856.39914856234,269163.1387704434,481474.6884652631,68097.74999999999,418795.7550004594,609157.4618188499,2064,3,5544
522,2064-04-01,2064,4,2064,415646.69065433135,261133.84590127884,465205.87023768504,66266.34,401119.5441619656,583446.6096901319,2064,4,5395
523,2064-05-01,2064,5,2064,495381.8404248978,300402.2506072114,544727.0277080787,75350.79999999999,485758.77499411046,706558.2181732516,2064,5,6136
524,2064-06-01,2064,6,2064,506918.93230234267,304932.90222745034,554268.8495271031,76351.42,496472.2777037885,722141.4948418741,2064,6,6217
525,2064-07-01,2064,7,2064,535384.0123657094,314700.8585359199,575912.7664441422,78511.09999999999,522699.2632073902,760289.8373925677,2064,7,6393
526,2064-08-01,2064,8,2064,538375.3915915414,315212.7250603753,577381.9422367706,78609.01999999999,524903.6820315978,763496.2647732331,2064,8,6401
527,2064-09-01,2064,9,2064,524350.2155566567,311060.3047046829,567899.8842839065,77713.97,512786.580472828,745871.3897786587,2064,9,6328
528,2064-10-01,2064,10,2065,439536.5754616774,273512.80947284726,489812.59125825274,69093.1,427124.44639975595,621271.9220360087,2064,10,5625
529,2064-11-01,2064,11,2065,483565.9341251383,284296.97956526524,516777.1212914111,71874.64,472839.0048938261,687765.8253001107,2064,11,5852
530,2064-12-01,2064,12,2065,424532.70105190296,257114.5983944464,461127.7131945605,65791.36,411748.06200563,598906.2720081891,2064,12,5356
531,2065-01-01,2065,1,2065,439402.19921782805,264862.3880040627,476506.4483274345,67575.34,427581.7326739721,621937.0657075958,2065,1,5501
532,2065-02-01,2065,2,2065,435162.03864476795,262804.8483696467,472584.242486569,67094.92,423402.6997858724,615858.4724158144,2065,2,5462
533,2065-03-01,2065,3,2065,456634.87314961397,271556.4824601496,490749.4654559447,69019.66,444162.917128121,646055.1521863579,2065,3,5619
534,2065-04-01,2065,4,2065,459272.9639505,272778.6217263163,493362.3241869641,69288.94,446660.2817144417,649687.6824937334,2065,4,5641
535,2065-05-01,2065,5,2065,501076.6556329476,291393.5757315061,531516.938898331,73490.32,490275.21480645455,713127.5851730248,2065,5,5984
536,2065-06-01,2065,6,2065,572014.3117258758,320532.2037896577,591764.9483755804,80227.42,560421.4057617317,815158.4083807006,2065,6,6533
537,2065-07-01,2065,7,2065,567309.5442370935,318554.8363988872,587663.1277568701,79750.06,555366.4060699848,807805.6815563416,2065,7,6494
538,2065-08-01,2065,8,2065,587338.6186275007,327151.2291919074,605395.951314409,81757.42,576266.7966930422,838206.249735334,2065,8,6658
539,2065-09-01,2065,9,2065,611999.9260556384,335110.5796496088,622981.3805821377,83524.06,599125.4496639345,871455.1995111774,2065,9,6802
540,2065-10-01,2065,10,2066,545035.8681388919,310960.49287480686,571673.7097136672,78039.18,535486.1139451406,778888.8930111136,2065,10,6355
541,2065-11-01,2065,11,2066,465427.81436168484,276056.25454504596,499995.84066203254,70023.34,453863.8908989267,660165.6594893478,2065,11,5701
542,2065-12-01,2065,12,2066,419615.4398524082,254855.4843766535,456688.5821926249,65289.51999999999,407314.39550215786,592457.3025485931,2065,12,5315
543,2066-01-01,2066,1,2066,420184.8449430553,254939.33919826138,456898.39459144906,65301.759999999995,407646.61697909713,592940.5337877776,2066,1,5316
544,2066-02-01,2066,2,2066,419942.7403573604,254876.73570544604,456782.2518615391,65289.51999999999,407494.4107798816,592719.142952555,2066,2,5315
545,2066-03-01,2066,3,2066,476252.9629406938,280976.0051139701,509976.5333987355,71140.23999999999,465642.96053404827,677298.8516858885,2066,3,5792
546,2066-04-01,2066,4,2066,533203.6330087092,305633.83219411055,560657.0741014162,76775.23,522474.9170714568,759963.5157403006,2066,4,6252
547,2066-05-01,2066,5,2066,543123.2617277238,309902.2323168821,569548.699962945,77782.14,533123.2207002481,775451.9573821791,2066,5,6334
548,2066-06-01,2066,6,2066,591775.5767432761,328548.3452726181,608500.7916992723,82063.42,580243.2364171352,843990.1620612876,2066,6,6683
549,2066-07-01,2066,7,2066,628270.8214984317,340705.58239882864,635147.4804411528,84789.37,615029.7647303874,894588.7486987454,2066,7,6905
550,2066-08-01,2066,8,2066,591537.4230436806,328439.40507854114,608272.3395292521,82038.94,580028.3211948576,843677.5581016112,2066,8,6681
551,2066-09-01,2066,9,2066,582162.549639943,325053.5434893871,601014.0835765791,81292.3,571051.8381873854,830620.8555452878,2066,9,6620
552,2066-10-01,2066,10,2067,534854.7930018039,306658.27889638883,562650.0805367029,77032.26999999999,524344.5356197422,762682.9609014431,2066,10,6273
553,2066-11-01,2066,11,2067,447476.7098204353,268219.030324239,483755.2170804383,68297.5,436099.9720158228,634327.2320230149,2066,11,5560
554,2066-12-01,2066,12,2067,409434.3017296175,250531.4547320066,447717.2363903363,64345.509999999995,397232.45664920635,577792.6642170275,2066,12,5238
555,2067-01-01,2067,1,2067,420234.38158649736,254992.563828172,457001.1169882223,65313.99999999999,407715.82747674023,593041.2036025312,2067,1,5317
556,2067-02-01,2067,2,2067,424370.32307839807,256902.24354039654,460814.9665034481,65730.16,411537.72948478564,598600.3337960518,2067,2,5351
557,2067-03-01,2067,3,2067,425664.63450835086,257585.9165998478,462214.041743419,65893.87,413061.896573343,600817.3041066807,2067,3,5364
558,2067-04-01,2067,4,2067,503201.52782417956,292454.0854658507,533492.6650528586,73735.12,492211.58680329885,715944.1262593437,2067,4,6004
559,2067-05-01,2067,5,2067,499179.59257686406,290595.74584788794,529900.7449617429,73306.72,488247.140490192,710177.6588948246,2067,5,5969
560,2067-06-01,2067,6,2067,508909.49743978836,295251.66655523755,539154.4190337561,74359.36,498121.410956467,724540.2341184973,2067,6,6055
561,2067-07-01,2067,7,2067,556445.3312610121,315289.5804944779,580437.379415259,79037.07999999999,545675.4480893901,793709.7426754765,2067,7,6436
562,2067-08-01,2067,8,2067,611042.6517660979,334627.69446030335,621883.2761093996,83413.9,597828.8127942705,869569.1822462116,2067,8,6793
563,2067-09-01,2067,9,2067,559394.325469408,316609.5983562144,583133.9021547871,79343.08,548592.8826644244,797953.2838755264,2067,9,6461
564,2067-10-01,2067,10,2068,564258.7017065141,317859.11891620065,586060.4290034559,79600.12,552682.3748864995,803901.6361985446,2067,10,6482
565,2067-11-01,2067,11,2068,457241.5066579459,272113.7747564498,491815.00750423374,69154.3,444972.5072556203,647232.7378263568,2067,11,5630
566,2067-12-01,2067,12,2068,438431.47410918167,264283.4847120272,475450.0667653042,67440.7,426494.5484163,620355.7067873453,2067,12,5490
567,2068-01-01,2068,1,2068,438705.38732417696,264573.0731554052,475998.08360225585,67514.14,427057.409413714,621174.413692675,2068,1,5496
568,2068-02-01,2068,2,2068,462020.1737329144,273969.38266597805,495912.8670235154,69545.98000000001,449444.96723018633,653738.1341529982,2068,2,5662
569,2068-03-01,2068,3,2068,487456.8191801969,285911.2532466862,520181.0929772829,72241.84,476616.0769866083,693259.7483441576,2068,3,5882
570,2068-04-01,2068,4,2068,475538.7937952426,280337.46529973747,508825.5708201751,70993.36,464271.06254571676,675303.3637028608,2068,4,5780
571,2068-05-01,2068,5,2068,502788.9400211012,292283.25371117884,533204.7537571666,73698.4,491904.60081368906,715497.6011835476,2068,5,6001
572,2068-06-01,2068,6,2068,574509.8013473081,321623.00618658983,594032.7314056136,80484.45999999999,563305.4056056028,819353.3172445132,2068,6,6554
573,2068-07-01,2068,7,2068,622534.8968532914,338858.37567987706,630971.195756428,84370.15,609252.471654727,886185.4133159665,2068,7,6871
574,2068-08-01,2068,8,2068,635400.6530104211,343117.4547518747,640479.9058484659,85329.45999999999,622518.4202703149,905481.3385750037,2068,8,6949
575,2068-09-01,2068,9,2068,657664.3890599136,351464.8571292039,658235.5385307199,87281.23,644386.2658162859,937289.1139145978,2068,9,7108
576,2068-10-01,2068,10,2069,570234.0792748766,319589.83547967434,589896.2266537505,80007.09999999999,558240.0267261822,811985.4934199014,2068,10,6515
577,2068-11-01,2068,11,2069,789406.1019978281,345119.16704588843,652995.5120042269,86760.66,754997.4972133888,1098178.1777649294,2068,11,7065
578,2068-12-01,2068,12,2069,711099.602542568,319283.94032406446,600182.4442633886,80877.98,677713.1021379958,985764.5122007211,2068,12,6586
579,2069-01-01,2069,1,2069,727194.0876052246,325205.8092378207,612098.6980542323,82256.0,693716.2094849569,1009041.7592508465,2069,1,6698
580,2069-02-01,2069,2,2069,747152.1867074808,331225.04103898717,624764.3672029818,83616.34,714251.6882411978,1038911.5465326512,2069,2,6809
581,2069-03-01,2069,3,2069,796982.8884073265,347172.619157749,657724.3361638512,87216.59999999999,762508.994769863,1109103.9923925279,2069,3,7102
582,2069-04-01,2069,4,2069,848272.9696889292,362953.0705300934,690133.8842732443,90923.79000000001,810653.6352872445,1179132.5604178102,2069,4,7404
583,2069-05-01,2069,5,2069,925478.5630814331,385706.7578796749,736467.6564546281,96189.54000000001,883523.9600906216,1285125.7601318131,2069,5,7833
584,2069-06-01,2069,6,2069,992491.6534117328,405022.260498216,777711.8394713489,100674.79000000001,951034.3865431198,1383322.7440627196,2069,6,8198
585,2069-07-01,2069,7,2069,990849.3406192632,404588.5396890563,776785.6532209956,100576.87,949643.568840595,1381299.7364954106,2069,7,8190
586,2069-08-01,2069,8,2069,999911.9255413404,407362.48972524534,782501.9828746974,101257.04000000001,959665.0668914873,1395876.4609330725,2069,8,8245
587,2069-09-01,2069,9,2069,1042715.2565985923,417900.5866851042,805266.5663985286,103676.98999999999,998166.6995979757,1451878.8357788739,2069,9,8442
588,2069-10-01,2069,10,2070,898536.3072206064,378470.37457588373,721393.4480783585,94518.78,860466.6412213335,1251587.8417764853,2069,10,7697
589,2069-11-01,2069,11,2070,787296.0382831749,344309.33756095334,651412.0325177808,86577.06,752909.5653474128,1095141.1859598735,2069,11,7050
590,2069-12-01,2069,12,2070,710546.017842615,319062.61517241714,599683.3859149311,80829.02,677023.0608446882,984760.8157740922,2069,12,6582
591,2070-01-01,2070,1,2070,739930.173243795,329203.7446586494,620368.4403342978,83161.76,706977.5365549207,1028330.9622617026,2070,1,6772
592,2070-02-01,2070,2,2070,724449.7344988878,324165.7943549374,610271.578745127,81997.43,691400.8637243884,1005673.9835991103,2070,2,6677
593,2070-03-01,2070,3,2070,780927.5624163942,342516.90145862184,647688.5696154694,86179.26000000001,747328.3161206837,1087023.005266449,2070,3,7018
594,2070-04-01,2070,4,2070,795019.1123539726,346814.25156411435,656815.4036269186,87140.09999999999,760565.7868988516,1106277.5082165115,2070,4,7096
595,2070-05-01,2070,5,2070,809272.6854878895,350708.31225183426,665529.5144219692,88016.79,774815.2228829225,1127003.9605569784,2070,5,7167
596,2070-06-01,2070,6,2070,919870.5653354657,383927.7650989371,732799.9339660867,95784.09,878024.2953407563,1277126.2477683725,2070,6,7800
597,2070-07-01,2070,7,2070,1041172.5541811368,417379.784912778,804199.237606839,103554.59000000001,996594.9139975419,1449592.6021782428,2070,7,8432
598,2070-08-01,2070,8,2070,1077745.8639358792,426222.1331348461,823273.7306357273,105617.37,1031585.7682272337,1500488.3901487035,2070,8,8600
599,2070-09-01,2070,9,2070,1002766.2649061207,408269.44477383455,784398.1223817437,101465.12,962337.9477191998,1399764.2875915635,2070,9,8262
